oee_id,machine_id,metric_date,shift,availability_pct,performance_pct,quality_pct,oee_pct,planned_production_hrs,actual_production_hrs,units_produced,units_defective,downtime_minutes
OEE-00001,M-101,2026-09-01,day,96.1,94.8,98.4,89.6,8.0,7.69,874,13,10
OEE-00002,M-101,2026-09-01,swing,95.2,91.8,99.1,86.6,8.0,7.62,839,7,15
OEE-00003,M-101,2026-09-01,night,96.8,91.8,99.3,88.2,8.0,7.74,852,5,14
OEE-00004,M-102,2026-09-01,day,93.3,91.7,98.3,84.1,8.0,7.46,820,13,1
OEE-00005,M-102,2026-09-01,swing,95.4,91.8,98.7,86.4,8.0,7.63,840,10,3
OEE-00006,M-102,2026-09-01,night,98.0,95.6,98.1,91.9,8.0,7.84,899,17,11
OEE-00007,M-201,2026-09-01,day,97.9,93.4,98.8,90.3,8.0,7.83,585,7,3
OEE-00008,M-201,2026-09-01,swing,97.2,95.2,98.2,90.9,8.0,7.78,592,10,2
OEE-00009,M-201,2026-09-01,night,94.0,91.7,99.5,85.8,8.0,7.52,551,2,16
OEE-00010,M-202,2026-09-01,day,97.1,93.4,99.2,90.0,8.0,7.77,580,4,6
OEE-00011,M-202,2026-09-01,swing,95.9,95.8,98.9,90.9,8.0,7.67,587,6,18
OEE-00012,M-202,2026-09-01,night,93.9,95.5,98.4,88.2,8.0,7.51,573,9,15
OEE-00013,M-301,2026-09-01,day,96.4,95.4,98.0,90.1,8.0,7.71,735,14,3
OEE-00014,M-301,2026-09-01,swing,95.0,94.0,99.4,88.8,8.0,7.6,714,4,10
OEE-00015,M-301,2026-09-01,night,93.8,91.4,99.2,85.0,8.0,7.5,685,5,15
OEE-00016,M-302,2026-09-01,day,95.8,95.8,99.1,91.0,8.0,7.66,733,6,0
OEE-00017,M-302,2026-09-01,swing,95.3,91.2,99.1,86.1,8.0,7.62,694,6,14
OEE-00018,M-302,2026-09-01,night,95.3,94.7,99.2,89.5,8.0,7.62,721,5,4
OEE-00019,M-303,2026-09-01,day,94.1,91.2,99.0,85.0,8.0,7.53,686,6,10
OEE-00020,M-303,2026-09-01,swing,97.0,94.7,98.8,90.8,8.0,7.76,734,8,12
OEE-00021,M-303,2026-09-01,night,93.5,92.3,98.4,84.9,8.0,7.48,690,11,12
OEE-00022,M-401,2026-09-01,day,96.3,97.4,99.1,93.0,8.0,7.7,1499,13,6
OEE-00023,M-401,2026-09-01,swing,97.0,97.0,99.5,93.6,8.0,7.76,1505,7,1
OEE-00024,M-401,2026-09-01,night,97.0,97.2,99.6,93.9,8.0,7.76,1508,6,4
OEE-00025,M-402,2026-09-01,day,99.2,96.4,99.3,95.0,8.0,7.94,1530,10,1
OEE-00026,M-402,2026-09-01,swing,98.9,96.1,99.4,94.5,8.0,7.91,1520,9,6
OEE-00027,M-402,2026-09-01,night,97.7,96.3,99.3,93.4,8.0,7.82,1506,10,6
OEE-00028,M-501,2026-09-01,day,96.1,93.1,98.4,88.0,8.0,7.69,644,10,13
OEE-00029,M-501,2026-09-01,swing,92.5,92.6,99.4,85.1,8.0,7.4,616,3,7
OEE-00030,M-501,2026-09-01,night,95.2,93.6,99.4,88.6,8.0,7.62,641,3,16
OEE-00031,M-502,2026-09-01,day,96.1,93.6,98.4,88.5,8.0,7.69,647,10,13
OEE-00032,M-502,2026-09-01,swing,93.4,95.0,98.5,87.4,8.0,7.47,638,9,4
OEE-00033,M-502,2026-09-01,night,96.4,92.5,98.4,87.7,8.0,7.71,641,10,13
OEE-00034,M-101,2026-09-02,day,94.5,91.2,98.1,84.5,8.0,7.56,827,15,1
OEE-00035,M-101,2026-09-02,swing,95.6,93.6,98.6,88.2,8.0,7.65,859,12,14
OEE-00036,M-101,2026-09-02,night,96.3,93.8,98.4,88.9,8.0,7.7,866,13,8
OEE-00037,M-102,2026-09-02,day,95.9,94.8,98.0,89.1,8.0,7.67,872,17,14
OEE-00038,M-102,2026-09-02,swing,93.9,91.9,98.6,85.1,8.0,7.51,828,11,2
OEE-00039,M-102,2026-09-02,night,95.1,94.5,98.5,88.5,8.0,7.61,862,12,14
OEE-00040,M-201,2026-09-02,day,96.8,92.7,99.5,89.3,8.0,7.74,573,2,10
OEE-00041,M-201,2026-09-02,swing,97.8,95.2,98.3,91.5,8.0,7.82,595,10,5
OEE-00042,M-201,2026-09-02,night,93.4,95.9,98.5,88.2,8.0,7.47,573,8,3
OEE-00043,M-202,2026-09-02,day,95.2,90.1,98.7,84.7,8.0,7.62,549,7,0
OEE-00044,M-202,2026-09-02,swing,93.9,92.9,99.2,86.5,8.0,7.51,558,4,15
OEE-00045,M-202,2026-09-02,night,94.5,94.9,99.1,88.9,8.0,7.56,573,5,12
OEE-00046,M-301,2026-09-02,day,97.0,91.4,98.2,87.1,8.0,7.76,709,12,6
OEE-00047,M-301,2026-09-02,swing,93.6,91.1,99.5,84.8,8.0,7.49,682,3,0
OEE-00048,M-301,2026-09-02,night,94.0,94.2,99.0,87.7,8.0,7.52,708,7,13
OEE-00049,M-302,2026-09-02,day,97.4,95.3,99.0,91.9,8.0,7.79,742,7,2
OEE-00050,M-302,2026-09-02,swing,95.2,93.3,99.0,87.9,8.0,7.62,710,7,0
OEE-00051,M-302,2026-09-02,night,94.5,95.5,99.2,89.5,8.0,7.56,721,5,14
OEE-00052,M-303,2026-09-02,day,97.8,93.4,99.3,90.7,8.0,7.82,730,5,18
OEE-00053,M-303,2026-09-02,swing,94.2,92.5,99.2,86.4,8.0,7.54,697,5,12
OEE-00054,M-303,2026-09-02,night,93.3,91.0,98.9,84.0,8.0,7.46,678,7,13
OEE-00055,M-401,2026-09-02,day,99.4,97.4,99.6,96.4,8.0,7.95,1548,6,9
OEE-00056,M-401,2026-09-02,swing,98.6,98.0,99.0,95.7,8.0,7.89,1546,15,6
OEE-00057,M-401,2026-09-02,night,97.7,96.4,99.5,93.7,8.0,7.82,1507,7,10
OEE-00058,M-402,2026-09-02,day,99.2,97.5,99.2,95.9,8.0,7.94,1548,12,0
OEE-00059,M-402,2026-09-02,swing,97.8,95.7,99.3,92.9,8.0,7.82,1496,10,1
OEE-00060,M-402,2026-09-02,night,96.9,96.6,99.7,93.3,8.0,7.75,1497,4,1
OEE-00061,M-501,2026-09-02,day,94.5,94.7,98.2,87.9,8.0,7.56,644,11,13
OEE-00062,M-501,2026-09-02,swing,92.1,91.4,97.9,82.4,8.0,7.37,606,12,11
OEE-00063,M-501,2026-09-02,night,94.2,92.5,98.7,86.0,8.0,7.54,627,8,10
OEE-00064,M-502,2026-09-02,day,97.6,95.3,99.1,92.2,8.0,7.81,669,6,14
OEE-00065,M-502,2026-09-02,swing,93.7,92.5,99.1,85.9,8.0,7.5,624,5,13
OEE-00066,M-502,2026-09-02,night,97.2,94.4,99.1,90.9,8.0,7.78,660,5,15
OEE-00067,M-101,2026-09-03,day,97.0,95.2,98.9,91.3,8.0,7.76,886,9,9
OEE-00068,M-101,2026-09-03,swing,96.5,91.4,98.7,87.1,8.0,7.72,846,10,5
OEE-00069,M-101,2026-09-03,night,94.0,94.0,98.2,86.8,8.0,7.52,848,15,13
OEE-00070,M-102,2026-09-03,day,97.7,93.5,98.4,89.9,8.0,7.82,877,14,17
OEE-00071,M-102,2026-09-03,swing,93.2,91.1,99.3,84.3,8.0,7.46,815,5,11
OEE-00072,M-102,2026-09-03,night,96.4,91.9,99.3,88.0,8.0,7.71,850,5,16
OEE-00073,M-201,2026-09-03,day,93.2,90.4,98.8,83.2,8.0,7.46,539,6,7
OEE-00074,M-201,2026-09-03,swing,93.6,91.3,98.5,84.2,8.0,7.49,547,8,10
OEE-00075,M-201,2026-09-03,night,96.9,94.6,99.4,91.1,8.0,7.75,586,3,17
OEE-00076,M-202,2026-09-03,day,94.3,90.9,99.2,85.0,8.0,7.54,548,4,16
OEE-00077,M-202,2026-09-03,swing,96.0,90.6,98.1,85.3,8.0,7.68,556,10,14
OEE-00078,M-202,2026-09-03,night,97.0,95.8,99.4,92.4,8.0,7.76,594,3,3
OEE-00079,M-301,2026-09-03,day,96.9,94.0,99.3,90.4,8.0,7.75,728,5,3
OEE-00080,M-301,2026-09-03,swing,97.1,91.2,98.2,87.0,8.0,7.77,708,12,3
OEE-00081,M-301,2026-09-03,night,97.4,95.6,98.2,91.4,8.0,7.79,744,13,9
OEE-00082,M-302,2026-09-03,day,96.8,94.8,99.0,90.8,8.0,7.74,733,7,3
OEE-00083,M-302,2026-09-03,swing,94.6,92.8,99.3,87.2,8.0,7.57,702,4,3
OEE-00084,M-302,2026-09-03,night,97.4,93.2,98.9,89.8,8.0,7.79,726,7,0
OEE-00085,M-303,2026-09-03,day,94.2,95.0,98.5,88.1,8.0,7.54,716,10,16
OEE-00086,M-303,2026-09-03,swing,93.9,92.3,99.1,85.9,8.0,7.51,693,6,13
OEE-00087,M-303,2026-09-03,night,94.8,94.3,98.2,87.8,8.0,7.58,714,12,16
OEE-00088,M-401,2026-09-03,day,97.5,94.9,99.6,92.2,8.0,7.8,1480,5,6
OEE-00089,M-401,2026-09-03,swing,99.2,97.6,99.8,96.6,8.0,7.94,1549,3,8
OEE-00090,M-401,2026-09-03,night,98.8,95.4,99.0,93.3,8.0,7.9,1507,15,2
OEE-00091,M-402,2026-09-03,day,98.7,96.9,99.4,95.1,8.0,7.9,1531,9,1
OEE-00092,M-402,2026-09-03,swing,96.3,95.3,99.8,91.6,8.0,7.7,1467,2,2
OEE-00093,M-402,2026-09-03,night,97.5,95.6,99.0,92.3,8.0,7.8,1491,14,10
OEE-00094,M-501,2026-09-03,day,92.8,92.9,99.5,85.8,8.0,7.42,620,3,16
OEE-00095,M-501,2026-09-03,swing,96.9,92.1,99.3,88.6,8.0,7.75,642,4,17
OEE-00096,M-501,2026-09-03,night,96.4,93.6,98.1,88.5,8.0,7.71,649,12,11
OEE-00097,M-502,2026-09-03,day,93.0,92.4,98.8,84.9,8.0,7.44,618,7,4
OEE-00098,M-502,2026-09-03,swing,96.5,93.2,98.3,88.4,8.0,7.72,647,10,17
OEE-00099,M-502,2026-09-03,night,96.1,94.1,98.7,89.3,8.0,7.69,651,8,11
OEE-00100,M-101,2026-09-04,day,97.4,94.9,98.6,91.1,8.0,7.79,887,12,6
OEE-00101,M-101,2026-09-04,swing,97.4,91.4,98.8,88.0,8.0,7.79,854,10,12
OEE-00102,M-101,2026-09-04,night,96.6,94.7,98.2,89.8,8.0,7.73,878,15,17
OEE-00103,M-102,2026-09-04,day,94.4,91.5,98.8,85.3,8.0,7.55,828,9,16
OEE-00104,M-102,2026-09-04,swing,94.7,94.2,98.0,87.4,8.0,7.58,856,17,17
OEE-00105,M-102,2026-09-04,night,96.0,92.2,99.2,87.8,8.0,7.68,849,6,13
OEE-00106,M-201,2026-09-04,day,97.9,90.7,98.1,87.1,8.0,7.83,568,10,11
OEE-00107,M-201,2026-09-04,swing,94.3,93.0,98.2,86.1,8.0,7.54,560,10,3
OEE-00108,M-201,2026-09-04,night,95.2,93.4,98.0,87.1,8.0,7.62,569,11,10
OEE-00109,M-202,2026-09-04,day,97.9,94.8,99.8,92.6,8.0,7.83,593,1,18
OEE-00110,M-202,2026-09-04,swing,96.6,95.6,99.2,91.6,8.0,7.73,591,4,7
OEE-00111,M-202,2026-09-04,night,94.8,91.7,99.4,86.4,8.0,7.58,556,3,18
OEE-00112,M-301,2026-09-04,day,96.4,94.6,98.8,90.1,8.0,7.71,729,8,7
OEE-00113,M-301,2026-09-04,swing,93.5,93.6,98.3,86.0,8.0,7.48,700,11,11
OEE-00114,M-301,2026-09-04,night,95.3,91.7,98.6,86.2,8.0,7.62,698,9,13
OEE-00115,M-302,2026-09-04,day,94.3,91.3,99.4,85.6,8.0,7.54,688,4,15
OEE-00116,M-302,2026-09-04,swing,94.9,91.4,99.2,86.0,8.0,7.59,693,5,12
OEE-00117,M-302,2026-09-04,night,96.4,93.6,98.9,89.2,8.0,7.71,721,7,8
OEE-00118,M-303,2026-09-04,day,95.9,94.2,99.5,89.9,8.0,7.67,722,3,15
OEE-00119,M-303,2026-09-04,swing,96.7,93.1,98.2,88.4,8.0,7.74,720,12,16
OEE-00120,M-303,2026-09-04,night,93.6,94.6,98.2,87.0,8.0,7.49,708,12,16
OEE-00121,M-401,2026-09-04,day,99.0,94.5,99.2,92.8,8.0,7.92,1496,11,7
OEE-00122,M-401,2026-09-04,swing,96.1,94.6,99.4,90.4,8.0,7.69,1454,8,1
OEE-00123,M-401,2026-09-04,night,98.1,95.6,99.1,92.9,8.0,7.85,1500,13,9
OEE-00124,M-402,2026-09-04,day,97.0,96.1,99.1,92.4,8.0,7.76,1491,13,4
OEE-00125,M-402,2026-09-04,swing,99.5,95.2,99.4,94.2,8.0,7.96,1515,9,2
OEE-00126,M-402,2026-09-04,night,96.5,96.4,99.0,92.1,8.0,7.72,1488,14,4
OEE-00127,M-501,2026-09-04,day,96.4,91.1,99.1,87.0,8.0,7.71,632,5,15
OEE-00128,M-501,2026-09-04,swing,92.0,92.7,97.6,83.2,8.0,7.36,614,14,1
OEE-00129,M-501,2026-09-04,night,94.1,92.9,98.6,86.2,8.0,7.53,629,8,10
OEE-00130,M-502,2026-09-04,day,96.9,93.4,99.1,89.7,8.0,7.75,651,5,4
OEE-00131,M-502,2026-09-04,swing,96.8,93.5,98.7,89.3,8.0,7.74,651,8,14
OEE-00132,M-502,2026-09-04,night,96.3,91.7,99.1,87.5,8.0,7.7,635,5,2
OEE-00133,M-101,2026-09-05,day,97.0,94.3,98.6,90.2,8.0,7.76,878,12,7
OEE-00134,M-101,2026-09-05,swing,97.5,92.7,98.1,88.7,8.0,7.8,867,16,14
OEE-00135,M-101,2026-09-05,night,96.7,94.2,99.3,90.5,8.0,7.74,874,6,0
OEE-00136,M-102,2026-09-05,day,95.9,95.0,99.1,90.3,8.0,7.67,874,7,17
OEE-00137,M-102,2026-09-05,swing,96.2,94.2,98.1,88.9,8.0,7.7,870,16,17
OEE-00138,M-102,2026-09-05,night,95.9,91.3,98.9,86.6,8.0,7.67,840,9,6
OEE-00139,M-201,2026-09-05,day,96.8,93.0,98.0,88.2,8.0,7.74,575,11,17
OEE-00140,M-201,2026-09-05,swing,93.9,90.1,99.4,84.1,8.0,7.51,541,3,7
OEE-00141,M-201,2026-09-05,night,97.1,95.0,99.0,91.3,8.0,7.77,590,5,2
OEE-00142,M-202,2026-09-05,day,97.0,93.6,98.7,89.6,8.0,7.76,581,7,1
OEE-00143,M-202,2026-09-05,swing,95.5,95.6,98.6,90.0,8.0,7.64,584,8,5
OEE-00144,M-202,2026-09-05,night,95.1,95.2,98.6,89.3,8.0,7.61,579,8,8
OEE-00145,M-301,2026-09-05,day,93.5,95.9,98.8,88.6,8.0,7.48,717,8,9
OEE-00146,M-301,2026-09-05,swing,93.7,92.3,98.1,84.8,8.0,7.5,692,13,9
OEE-00147,M-301,2026-09-05,night,97.8,94.4,98.1,90.6,8.0,7.82,738,14,10
OEE-00148,M-302,2026-09-05,day,94.7,94.6,98.8,88.5,8.0,7.58,717,8,3
OEE-00149,M-302,2026-09-05,swing,95.3,93.1,98.8,87.7,8.0,7.62,709,8,12
OEE-00150,M-302,2026-09-05,night,97.8,95.5,98.6,92.1,8.0,7.82,746,10,7
OEE-00151,M-303,2026-09-05,day,96.8,93.9,98.7,89.7,8.0,7.74,726,9,16
OEE-00152,M-303,2026-09-05,swing,94.9,91.6,98.1,85.3,8.0,7.59,695,13,14
OEE-00153,M-303,2026-09-05,night,95.8,91.3,98.0,85.7,8.0,7.66,699,13,7
OEE-00154,M-401,2026-09-05,day,99.2,94.1,99.4,92.8,8.0,7.94,1494,8,9
OEE-00155,M-401,2026-09-05,swing,98.4,95.0,99.4,92.9,8.0,7.87,1495,8,2
OEE-00156,M-401,2026-09-05,night,97.1,95.6,99.1,92.0,8.0,7.77,1485,13,10
OEE-00157,M-402,2026-09-05,day,97.8,97.1,99.1,94.1,8.0,7.82,1518,13,8
OEE-00158,M-402,2026-09-05,swing,99.4,97.1,99.4,95.9,8.0,7.95,1543,9,6
OEE-00159,M-402,2026-09-05,night,99.4,96.2,99.0,94.7,8.0,7.95,1529,15,7
OEE-00160,M-501,2026-09-05,day,96.8,93.1,98.8,89.0,8.0,7.74,648,7,5
OEE-00161,M-501,2026-09-05,swing,92.0,94.7,98.5,85.8,8.0,7.36,627,9,19
OEE-00162,M-501,2026-09-05,night,93.3,93.4,99.5,86.7,8.0,7.46,627,3,20
OEE-00163,M-502,2026-09-05,day,94.1,95.2,98.4,88.1,8.0,7.53,645,10,5
OEE-00164,M-502,2026-09-05,swing,96.7,93.8,98.5,89.3,8.0,7.74,653,9,12
OEE-00165,M-502,2026-09-05,night,96.5,95.2,99.1,91.0,8.0,7.72,661,5,8
OEE-00166,M-101,2026-09-06,day,97.4,92.1,98.8,88.6,8.0,7.79,860,10,10
OEE-00167,M-101,2026-09-06,swing,97.4,95.7,99.0,92.3,8.0,7.79,894,8,14
OEE-00168,M-101,2026-09-06,night,94.4,94.3,98.5,87.7,8.0,7.55,854,12,6
OEE-00169,M-102,2026-09-06,day,95.3,94.0,98.0,87.8,8.0,7.62,859,17,4
OEE-00170,M-102,2026-09-06,swing,96.2,91.0,98.7,86.4,8.0,7.7,840,10,0
OEE-00171,M-102,2026-09-06,night,96.4,93.1,99.3,89.1,8.0,7.71,861,6,15
OEE-00172,M-201,2026-09-06,day,96.8,93.2,99.4,89.7,8.0,7.74,577,3,2
OEE-00173,M-201,2026-09-06,swing,95.7,95.4,99.5,90.8,8.0,7.66,584,2,14
OEE-00174,M-201,2026-09-06,night,96.4,92.1,99.5,88.3,8.0,7.71,568,2,11
OEE-00175,M-202,2026-09-06,day,94.9,95.0,99.5,89.7,8.0,7.59,576,2,0
OEE-00176,M-202,2026-09-06,swing,93.6,92.2,98.3,84.8,8.0,7.49,552,9,0
OEE-00177,M-202,2026-09-06,night,94.1,90.1,98.5,83.5,8.0,7.53,542,8,11
OEE-00178,M-301,2026-09-06,day,94.0,95.1,98.9,88.4,8.0,7.52,715,7,7
OEE-00179,M-301,2026-09-06,swing,94.2,93.5,98.5,86.8,8.0,7.54,704,10,8
OEE-00180,M-301,2026-09-06,night,95.5,94.5,98.9,89.3,8.0,7.64,721,7,0
OEE-00181,M-302,2026-09-06,day,94.8,95.1,98.9,89.2,8.0,7.58,720,7,8
OEE-00182,M-302,2026-09-06,swing,96.3,93.5,99.1,89.2,8.0,7.7,719,6,5
OEE-00183,M-302,2026-09-06,night,94.3,91.6,98.6,85.2,8.0,7.54,690,9,8
OEE-00184,M-303,2026-09-06,day,97.7,95.3,99.3,92.5,8.0,7.82,745,5,8
OEE-00185,M-303,2026-09-06,swing,94.0,94.4,99.5,88.3,8.0,7.52,709,3,17
OEE-00186,M-303,2026-09-06,night,96.1,94.4,99.3,90.1,8.0,7.69,725,5,0
OEE-00187,M-401,2026-09-06,day,99.3,96.6,99.8,95.7,8.0,7.94,1534,3,0
OEE-00188,M-401,2026-09-06,swing,99.0,95.3,99.7,94.1,8.0,7.92,1509,4,6
OEE-00189,M-401,2026-09-06,night,97.0,96.7,99.4,93.2,8.0,7.76,1500,8,5
OEE-00190,M-402,2026-09-06,day,97.8,94.2,99.6,91.8,8.0,7.82,1473,5,0
OEE-00191,M-402,2026-09-06,swing,97.0,95.7,99.4,92.3,8.0,7.76,1485,8,0
OEE-00192,M-402,2026-09-06,night,97.4,95.3,99.7,92.5,8.0,7.79,1484,4,0
OEE-00193,M-501,2026-09-06,day,97.0,91.1,98.9,87.4,8.0,7.76,636,6,2
OEE-00194,M-501,2026-09-06,swing,96.6,91.0,98.2,86.3,8.0,7.73,633,11,2
OEE-00195,M-501,2026-09-06,night,95.1,90.5,98.5,84.8,8.0,7.61,619,9,0
OEE-00196,M-502,2026-09-06,day,96.0,94.1,98.5,89.0,8.0,7.68,650,9,8
OEE-00197,M-502,2026-09-06,swing,94.2,93.4,99.4,87.5,8.0,7.54,633,3,1
OEE-00198,M-502,2026-09-06,night,97.1,93.6,98.4,89.4,8.0,7.77,654,10,2
OEE-00199,M-101,2026-09-07,day,96.9,94.1,99.1,90.4,8.0,7.75,875,7,14
OEE-00200,M-101,2026-09-07,swing,95.9,91.4,98.1,86.0,8.0,7.67,841,15,1
OEE-00201,M-101,2026-09-07,night,94.9,95.5,99.0,89.7,8.0,7.59,869,8,4
OEE-00202,M-102,2026-09-07,day,93.3,95.0,98.1,87.0,8.0,7.46,850,16,13
OEE-00203,M-102,2026-09-07,swing,93.3,94.4,98.8,87.0,8.0,7.46,845,10,9
OEE-00204,M-102,2026-09-07,night,97.2,93.0,98.9,89.4,8.0,7.78,868,9,13
OEE-00205,M-201,2026-09-07,day,94.2,93.6,99.2,87.5,8.0,7.54,564,4,0
OEE-00206,M-201,2026-09-07,swing,95.3,92.8,98.8,87.4,8.0,7.62,565,6,3
OEE-00207,M-201,2026-09-07,night,94.7,95.6,99.4,90.0,8.0,7.58,579,3,14
OEE-00208,M-202,2026-09-07,day,95.6,93.5,98.2,87.8,8.0,7.65,572,10,0
OEE-00209,M-202,2026-09-07,swing,96.0,90.4,99.4,86.3,8.0,7.68,555,3,6
OEE-00210,M-202,2026-09-07,night,97.5,90.8,98.9,87.6,8.0,7.8,566,6,11
OEE-00211,M-301,2026-09-07,day,95.1,94.6,98.7,88.8,8.0,7.61,719,9,7
OEE-00212,M-301,2026-09-07,swing,93.7,91.2,98.2,83.9,8.0,7.5,684,12,18
OEE-00213,M-301,2026-09-07,night,95.2,95.8,99.1,90.4,8.0,7.62,729,6,9
OEE-00214,M-302,2026-09-07,day,96.3,93.7,98.6,89.0,8.0,7.7,721,10,15
OEE-00215,M-302,2026-09-07,swing,95.2,92.7,98.9,87.3,8.0,7.62,706,7,0
OEE-00216,M-302,2026-09-07,night,96.1,94.3,98.6,89.4,8.0,7.69,725,10,7
OEE-00217,M-303,2026-09-07,day,95.5,95.2,99.3,90.3,8.0,7.64,727,5,13
OEE-00218,M-303,2026-09-07,swing,94.7,95.9,99.0,89.9,8.0,7.58,726,7,6
OEE-00219,M-303,2026-09-07,night,96.9,92.7,99.0,88.9,8.0,7.75,718,7,14
OEE-00220,M-401,2026-09-07,day,98.1,95.3,99.5,93.0,8.0,7.85,1496,7,5
OEE-00221,M-401,2026-09-07,swing,98.2,95.7,99.1,93.1,8.0,7.86,1504,13,7
OEE-00222,M-401,2026-09-07,night,99.1,97.6,99.4,96.1,8.0,7.93,1547,9,0
OEE-00223,M-402,2026-09-07,day,98.2,96.8,99.4,94.5,8.0,7.86,1521,9,3
OEE-00224,M-402,2026-09-07,swing,96.8,96.9,99.8,93.6,8.0,7.74,1500,3,5
OEE-00225,M-402,2026-09-07,night,98.8,95.5,99.3,93.7,8.0,7.9,1508,10,0
OEE-00226,M-501,2026-09-07,day,93.8,90.4,97.6,82.8,8.0,7.5,610,14,3
OEE-00227,M-501,2026-09-07,swing,92.7,92.2,98.8,84.4,8.0,7.42,615,7,11
OEE-00228,M-501,2026-09-07,night,92.2,90.1,97.9,81.3,8.0,7.38,598,12,5
OEE-00229,M-502,2026-09-07,day,94.1,92.3,98.3,85.4,8.0,7.53,625,10,17
OEE-00230,M-502,2026-09-07,swing,94.2,92.0,98.3,85.2,8.0,7.54,624,10,8
OEE-00231,M-502,2026-09-07,night,97.6,91.1,99.0,88.0,8.0,7.81,640,6,12
OEE-00232,M-101,2026-09-08,day,96.3,95.4,98.5,90.5,8.0,7.7,881,13,6
OEE-00233,M-101,2026-09-08,swing,94.5,92.2,99.2,86.4,8.0,7.56,836,6,5
OEE-00234,M-101,2026-09-08,night,97.7,95.9,99.5,93.2,8.0,7.82,899,4,13
OEE-00235,M-102,2026-09-08,day,97.4,91.3,98.2,87.3,8.0,7.79,853,15,4
OEE-00236,M-102,2026-09-08,swing,97.0,92.0,98.6,88.0,8.0,7.76,856,11,11
OEE-00237,M-102,2026-09-08,night,94.6,93.1,99.0,87.2,8.0,7.57,845,8,1
OEE-00238,M-201,2026-09-08,day,96.8,93.5,99.5,90.1,8.0,7.74,578,2,9
OEE-00239,M-201,2026-09-08,swing,96.9,92.0,98.1,87.5,8.0,7.75,570,10,8
OEE-00240,M-201,2026-09-08,night,97.4,95.1,99.7,92.3,8.0,7.79,592,1,15
OEE-00241,M-202,2026-09-08,day,94.0,90.5,98.8,84.0,8.0,7.52,544,6,2
OEE-00242,M-202,2026-09-08,swing,93.8,92.3,99.6,86.2,8.0,7.5,553,2,16
OEE-00243,M-202,2026-09-08,night,94.9,93.1,98.3,86.8,8.0,7.59,565,9,11
OEE-00244,M-301,2026-09-08,day,95.6,93.4,99.4,88.8,8.0,7.65,714,4,15
OEE-00245,M-301,2026-09-08,swing,94.3,93.0,99.4,87.2,8.0,7.54,701,4,18
OEE-00246,M-301,2026-09-08,night,96.2,92.0,99.3,87.9,8.0,7.7,708,4,14
OEE-00247,M-302,2026-09-08,day,95.3,91.0,98.0,85.0,8.0,7.62,693,13,17
OEE-00248,M-302,2026-09-08,swing,93.9,93.7,98.1,86.3,8.0,7.51,703,13,7
OEE-00249,M-302,2026-09-08,night,91.7,89.4,98.2,80.5,8.0,7.34,656,11,16
OEE-00250,M-303,2026-09-08,day,94.2,91.2,98.8,84.9,8.0,7.54,687,8,10
OEE-00251,M-303,2026-09-08,swing,95.1,93.3,98.6,87.5,8.0,7.61,710,9,15
OEE-00252,M-303,2026-09-08,night,94.6,92.9,98.3,86.4,8.0,7.57,703,11,7
OEE-00253,M-401,2026-09-08,day,96.9,94.3,99.7,91.1,8.0,7.75,1461,4,4
OEE-00254,M-401,2026-09-08,swing,98.9,96.1,99.5,94.6,8.0,7.91,1520,7,4
OEE-00255,M-401,2026-09-08,night,99.2,94.4,99.1,92.8,8.0,7.94,1499,13,0
OEE-00256,M-402,2026-09-08,day,97.9,95.3,99.5,92.8,8.0,7.83,1492,7,4
OEE-00257,M-402,2026-09-08,swing,97.1,97.3,99.5,94.0,8.0,7.77,1512,7,4
OEE-00258,M-402,2026-09-08,night,96.7,96.4,99.1,92.4,8.0,7.74,1492,13,8
OEE-00259,M-501,2026-09-08,day,96.6,90.0,98.1,85.3,8.0,7.73,626,11,11
OEE-00260,M-501,2026-09-08,swing,95.9,92.0,98.3,86.7,8.0,7.67,635,10,18
OEE-00261,M-501,2026-09-08,night,95.8,90.1,98.8,85.3,8.0,7.66,621,7,4
OEE-00262,M-502,2026-09-08,day,97.3,92.1,99.1,88.8,8.0,7.78,644,5,6
OEE-00263,M-502,2026-09-08,swing,95.4,93.6,99.2,88.6,8.0,7.63,642,5,14
OEE-00264,M-502,2026-09-08,night,96.6,93.3,99.2,89.4,8.0,7.73,649,5,10
OEE-00265,M-101,2026-09-09,day,97.2,93.1,99.4,90.0,8.0,7.78,869,5,13
OEE-00266,M-101,2026-09-09,swing,94.0,93.2,98.8,86.6,8.0,7.52,841,10,11
OEE-00267,M-101,2026-09-09,night,93.7,95.4,98.5,88.0,8.0,7.5,858,12,0
OEE-00268,M-102,2026-09-09,day,95.5,94.3,98.5,88.7,8.0,7.64,864,12,7
OEE-00269,M-102,2026-09-09,swing,95.1,94.4,98.6,88.5,8.0,7.61,862,12,17
OEE-00270,M-102,2026-09-09,night,94.5,93.9,98.9,87.8,8.0,7.56,851,9,1
OEE-00271,M-201,2026-09-09,day,97.6,90.9,99.7,88.5,8.0,7.81,567,1,10
OEE-00272,M-201,2026-09-09,swing,95.8,94.8,99.6,90.5,8.0,7.66,580,2,18
OEE-00273,M-201,2026-09-09,night,97.3,95.9,98.4,91.8,8.0,7.78,596,9,12
OEE-00274,M-202,2026-09-09,day,93.3,92.3,98.9,85.2,8.0,7.46,550,6,10
OEE-00275,M-202,2026-09-09,swing,95.8,92.7,99.6,88.5,8.0,7.66,568,2,2
OEE-00276,M-202,2026-09-09,night,93.9,94.0,98.3,86.8,8.0,7.51,564,9,15
OEE-00277,M-301,2026-09-09,day,93.1,92.0,99.4,85.1,8.0,7.45,685,4,12
OEE-00278,M-301,2026-09-09,swing,94.4,92.2,99.0,86.2,8.0,7.55,696,6,2
OEE-00279,M-301,2026-09-09,night,95.3,92.8,98.0,86.7,8.0,7.62,707,14,10
OEE-00280,M-302,2026-09-09,day,95.0,90.7,97.6,84.1,8.0,7.6,689,16,9
OEE-00281,M-302,2026-09-09,swing,91.1,90.7,98.5,81.4,8.0,7.29,661,9,18
OEE-00282,M-302,2026-09-09,night,95.5,93.0,97.6,86.7,8.0,7.64,710,17,12
OEE-00283,M-303,2026-09-09,day,94.5,95.1,99.0,89.0,8.0,7.56,718,7,5
OEE-00284,M-303,2026-09-09,swing,96.0,95.7,98.9,90.9,8.0,7.68,734,8,16
OEE-00285,M-303,2026-09-09,night,96.6,93.3,98.3,88.6,8.0,7.73,721,12,4
OEE-00286,M-401,2026-09-09,day,97.6,97.3,99.5,94.5,8.0,7.81,1519,7,3
OEE-00287,M-401,2026-09-09,swing,97.8,97.6,99.7,95.2,8.0,7.82,1526,4,7
OEE-00288,M-401,2026-09-09,night,97.6,94.2,99.1,91.1,8.0,7.81,1471,13,10
OEE-00289,M-402,2026-09-09,day,99.1,95.8,99.6,94.6,8.0,7.93,1519,6,4
OEE-00290,M-402,2026-09-09,swing,97.4,97.3,99.7,94.5,8.0,7.79,1515,4,6
OEE-00291,M-402,2026-09-09,night,96.9,97.6,99.6,94.2,8.0,7.75,1512,6,7
OEE-00292,M-501,2026-09-09,day,93.9,93.3,98.9,86.6,8.0,7.51,630,6,3
OEE-00293,M-501,2026-09-09,swing,94.0,94.7,98.0,87.2,8.0,7.52,640,12,5
OEE-00294,M-501,2026-09-09,night,93.4,93.1,98.1,85.3,8.0,7.47,625,11,2
OEE-00295,M-502,2026-09-09,day,96.5,94.6,98.3,89.7,8.0,7.72,657,11,15
OEE-00296,M-502,2026-09-09,swing,95.1,94.8,98.2,88.5,8.0,7.61,649,11,11
OEE-00297,M-502,2026-09-09,night,93.4,91.5,99.1,84.7,8.0,7.47,615,5,10
OEE-00298,M-101,2026-09-10,day,95.1,91.8,98.3,85.8,8.0,7.61,838,14,1
OEE-00299,M-101,2026-09-10,swing,95.3,91.4,99.0,86.2,8.0,7.62,835,8,14
OEE-00300,M-101,2026-09-10,night,94.9,94.7,99.3,89.2,8.0,7.59,862,6,12
OEE-00301,M-102,2026-09-10,day,93.2,92.3,99.1,85.2,8.0,7.46,826,7,4
OEE-00302,M-102,2026-09-10,swing,94.6,94.7,98.7,88.4,8.0,7.57,860,11,2
OEE-00303,M-102,2026-09-10,night,93.4,94.3,99.1,87.3,8.0,7.47,845,7,14
OEE-00304,M-201,2026-09-10,day,93.7,94.9,99.5,88.5,8.0,7.5,569,2,5
OEE-00305,M-201,2026-09-10,swing,97.2,93.6,98.3,89.4,8.0,7.78,582,9,3
OEE-00306,M-201,2026-09-10,night,95.7,92.3,98.1,86.7,8.0,7.66,565,10,0
OEE-00307,M-202,2026-09-10,day,96.4,90.9,98.6,86.4,8.0,7.71,560,7,6
OEE-00308,M-202,2026-09-10,swing,96.6,95.4,99.0,91.2,8.0,7.73,589,5,14
OEE-00309,M-202,2026-09-10,night,96.5,95.0,99.5,91.2,8.0,7.72,586,2,3
OEE-00310,M-301,2026-09-10,day,95.0,92.5,98.1,86.2,8.0,7.6,703,13,0
OEE-00311,M-301,2026-09-10,swing,93.2,92.9,98.3,85.1,8.0,7.46,693,11,7
OEE-00312,M-301,2026-09-10,night,94.9,92.2,98.1,85.8,8.0,7.59,699,13,13
OEE-00313,M-302,2026-09-10,day,90.0,88.2,98.6,78.3,8.0,7.2,635,8,9
OEE-00314,M-302,2026-09-10,swing,91.1,92.8,98.5,83.3,8.0,7.29,676,10,12
OEE-00315,M-302,2026-09-10,night,93.9,88.4,98.1,81.4,8.0,7.51,663,12,17
OEE-00316,M-303,2026-09-10,day,94.6,94.1,98.9,88.0,8.0,7.57,712,7,17
OEE-00317,M-303,2026-09-10,swing,95.0,93.1,98.3,86.9,8.0,7.6,707,12,3
OEE-00318,M-303,2026-09-10,night,94.8,91.9,98.6,85.9,8.0,7.58,696,9,10
OEE-00319,M-401,2026-09-10,day,96.0,94.9,99.2,90.4,8.0,7.68,1457,11,10
OEE-00320,M-401,2026-09-10,swing,98.9,96.6,99.3,94.9,8.0,7.91,1528,10,1
OEE-00321,M-401,2026-09-10,night,99.1,95.6,99.6,94.4,8.0,7.93,1516,6,7
OEE-00322,M-402,2026-09-10,day,99.4,94.4,99.4,93.3,8.0,7.95,1500,8,9
OEE-00323,M-402,2026-09-10,swing,96.6,97.8,99.5,94.0,8.0,7.73,1511,7,10
OEE-00324,M-402,2026-09-10,night,98.4,96.7,99.8,95.0,8.0,7.87,1522,3,2
OEE-00325,M-501,2026-09-10,day,93.7,93.2,99.3,86.7,8.0,7.5,629,4,10
OEE-00326,M-501,2026-09-10,swing,96.9,93.3,97.6,88.2,8.0,7.75,650,15,0
OEE-00327,M-501,2026-09-10,night,95.0,92.9,98.3,86.8,8.0,7.6,635,10,20
OEE-00328,M-502,2026-09-10,day,96.7,93.5,99.1,89.6,8.0,7.74,651,5,0
OEE-00329,M-502,2026-09-10,swing,94.2,94.1,99.3,88.0,8.0,7.54,638,4,9
OEE-00330,M-502,2026-09-10,night,94.2,93.1,98.4,86.3,8.0,7.54,631,10,2
OEE-00331,M-101,2026-09-11,day,93.3,92.9,98.4,85.3,8.0,7.46,831,13,4
OEE-00332,M-101,2026-09-11,swing,94.9,94.2,98.4,88.0,8.0,7.59,857,13,14
OEE-00333,M-101,2026-09-11,night,96.7,92.6,98.4,88.1,8.0,7.74,860,13,1
OEE-00334,M-102,2026-09-11,day,95.6,95.9,99.0,90.8,8.0,7.65,880,8,9
OEE-00335,M-102,2026-09-11,swing,96.8,92.1,99.1,88.4,8.0,7.74,855,7,10
OEE-00336,M-102,2026-09-11,night,94.2,93.7,99.4,87.7,8.0,7.54,847,5,7
OEE-00337,M-201,2026-09-11,day,97.0,94.2,98.4,89.9,8.0,7.76,584,9,12
OEE-00338,M-201,2026-09-11,swing,95.6,91.1,99.1,86.3,8.0,7.65,557,5,2
OEE-00339,M-201,2026-09-11,night,97.3,90.4,98.3,86.5,8.0,7.78,562,9,4
OEE-00340,M-202,2026-09-11,day,97.7,90.8,98.3,87.2,8.0,7.82,568,9,17
OEE-00341,M-202,2026-09-11,swing,97.2,95.6,98.4,91.4,8.0,7.78,595,9,2
OEE-00342,M-202,2026-09-11,night,95.1,92.8,98.3,86.8,8.0,7.61,564,9,6
OEE-00343,M-301,2026-09-11,day,94.2,91.9,98.4,85.2,8.0,7.54,692,11,9
OEE-00344,M-301,2026-09-11,swing,95.9,95.8,98.3,90.3,8.0,7.67,734,12,15
OEE-00345,M-301,2026-09-11,night,93.4,95.9,98.6,88.3,8.0,7.47,716,10,5
OEE-00346,M-302,2026-09-11,day,92.0,90.0,98.1,81.2,8.0,7.36,662,12,22
OEE-00347,M-302,2026-09-11,swing,93.7,92.2,98.4,85.0,8.0,7.5,691,11,9
OEE-00348,M-302,2026-09-11,night,93.7,90.0,97.2,82.0,8.0,7.5,675,18,18
OEE-00349,M-303,2026-09-11,day,96.0,91.8,99.1,87.3,8.0,7.68,705,6,8
OEE-00350,M-303,2026-09-11,swing,94.9,92.5,98.4,86.4,8.0,7.59,702,11,17
OEE-00351,M-303,2026-09-11,night,96.0,91.4,98.2,86.2,8.0,7.68,701,12,15
OEE-00352,M-401,2026-09-11,day,96.7,97.7,99.0,93.5,8.0,7.74,1512,15,8
OEE-00353,M-401,2026-09-11,swing,98.6,95.5,99.3,93.5,8.0,7.89,1506,10,6
OEE-00354,M-401,2026-09-11,night,99.3,97.9,99.3,96.5,8.0,7.94,1554,10,7
OEE-00355,M-402,2026-09-11,day,97.1,98.0,99.1,94.3,8.0,7.77,1522,13,0
OEE-00356,M-402,2026-09-11,swing,99.5,94.5,99.7,93.7,8.0,7.96,1504,4,2
OEE-00357,M-402,2026-09-11,night,96.7,95.7,99.2,91.8,8.0,7.74,1481,11,5
OEE-00358,M-501,2026-09-11,day,94.5,92.4,98.9,86.4,8.0,7.56,628,6,1
OEE-00359,M-501,2026-09-11,swing,95.3,94.6,99.0,89.3,8.0,7.62,648,6,7
OEE-00360,M-501,2026-09-11,night,94.4,94.6,98.2,87.7,8.0,7.55,642,11,0
OEE-00361,M-502,2026-09-11,day,96.5,94.2,98.4,89.4,8.0,7.72,654,10,14
OEE-00362,M-502,2026-09-11,swing,97.7,91.7,98.4,88.2,8.0,7.82,645,10,18
OEE-00363,M-502,2026-09-11,night,97.8,95.2,98.0,91.2,8.0,7.82,670,13,2
OEE-00364,M-101,2026-09-12,day,96.2,95.6,98.6,90.7,8.0,7.7,883,12,18
OEE-00365,M-101,2026-09-12,swing,97.9,91.4,99.4,88.9,8.0,7.83,858,5,13
OEE-00366,M-101,2026-09-12,night,93.8,93.1,99.0,86.5,8.0,7.5,837,8,16
OEE-00367,M-102,2026-09-12,day,97.8,94.3,98.6,90.9,8.0,7.82,884,12,9
OEE-00368,M-102,2026-09-12,swing,96.7,94.8,99.4,91.1,8.0,7.74,880,5,2
OEE-00369,M-102,2026-09-12,night,93.5,93.9,99.2,87.1,8.0,7.48,842,6,4
OEE-00370,M-201,2026-09-12,day,94.3,91.3,99.3,85.5,8.0,7.54,550,3,9
OEE-00371,M-201,2026-09-12,swing,93.0,91.0,98.9,83.7,8.0,7.44,541,5,3
OEE-00372,M-201,2026-09-12,night,93.3,94.2,98.9,86.9,8.0,7.46,562,6,9
OEE-00373,M-202,2026-09-12,day,96.7,91.0,98.7,86.9,8.0,7.74,563,7,4
OEE-00374,M-202,2026-09-12,swing,94.0,91.1,99.7,85.4,8.0,7.52,548,1,14
OEE-00375,M-202,2026-09-12,night,95.8,91.3,98.4,86.1,8.0,7.66,559,8,5
OEE-00376,M-301,2026-09-12,day,97.0,92.0,99.5,88.8,8.0,7.76,713,3,13
OEE-00377,M-301,2026-09-12,swing,95.2,95.6,98.2,89.4,8.0,7.62,728,13,5
OEE-00378,M-301,2026-09-12,night,93.4,91.4,98.2,83.8,8.0,7.47,682,12,2
OEE-00379,M-302,2026-09-12,day,90.8,90.5,97.8,80.4,8.0,7.26,657,14,13
OEE-00380,M-302,2026-09-12,swing,88.8,88.8,98.6,77.8,8.0,7.1,630,8,11
OEE-00381,M-302,2026-09-12,night,89.3,90.2,96.9,78.1,8.0,7.14,644,19,18
OEE-00382,M-303,2026-09-12,day,97.7,93.4,98.5,89.9,8.0,7.82,730,10,13
OEE-00383,M-303,2026-09-12,swing,94.7,94.4,98.5,88.1,8.0,7.58,715,10,10
OEE-00384,M-303,2026-09-12,night,97.1,95.7,99.0,92.0,8.0,7.77,743,7,12
OEE-00385,M-401,2026-09-12,day,98.1,97.9,99.7,95.8,8.0,7.85,1537,4,1
OEE-00386,M-401,2026-09-12,swing,96.0,97.5,99.3,92.9,8.0,7.68,1497,10,2
OEE-00387,M-401,2026-09-12,night,96.1,94.5,99.4,90.3,8.0,7.69,1453,8,3
OEE-00388,M-402,2026-09-12,day,97.3,96.5,99.5,93.4,8.0,7.78,1501,7,7
OEE-00389,M-402,2026-09-12,swing,97.8,96.6,99.0,93.5,8.0,7.82,1510,15,10
OEE-00390,M-402,2026-09-12,night,99.4,97.3,99.0,95.7,8.0,7.95,1547,15,5
OEE-00391,M-501,2026-09-12,day,96.4,94.8,99.0,90.5,8.0,7.71,657,6,14
OEE-00392,M-501,2026-09-12,swing,93.2,92.4,99.0,85.3,8.0,7.46,620,6,2
OEE-00393,M-501,2026-09-12,night,93.7,94.7,99.4,88.2,8.0,7.5,639,3,15
OEE-00394,M-502,2026-09-12,day,97.9,95.3,99.4,92.7,8.0,7.83,671,4,12
OEE-00395,M-502,2026-09-12,swing,94.5,92.0,98.2,85.4,8.0,7.56,625,11,16
OEE-00396,M-502,2026-09-12,night,97.4,94.9,99.1,91.6,8.0,7.79,665,5,1
OEE-00397,M-101,2026-09-13,day,93.6,95.0,98.5,87.6,8.0,7.49,853,12,17
OEE-00398,M-101,2026-09-13,swing,97.9,93.3,99.3,90.7,8.0,7.83,876,6,3
OEE-00399,M-101,2026-09-13,night,95.4,93.7,98.4,88.0,8.0,7.63,857,13,5
OEE-00400,M-102,2026-09-13,day,96.8,94.3,98.1,89.5,8.0,7.74,875,16,13
OEE-00401,M-102,2026-09-13,swing,98.0,91.1,99.4,88.7,8.0,7.84,857,5,10
OEE-00402,M-102,2026-09-13,night,97.5,94.8,98.3,90.9,8.0,7.8,887,15,8
OEE-00403,M-201,2026-09-13,day,96.3,95.7,99.2,91.4,8.0,7.7,589,4,4
OEE-00404,M-201,2026-09-13,swing,97.6,93.8,98.9,90.5,8.0,7.81,586,6,10
OEE-00405,M-201,2026-09-13,night,97.4,95.6,99.4,92.6,8.0,7.79,595,3,2
OEE-00406,M-202,2026-09-13,day,96.2,92.3,99.3,88.2,8.0,7.7,568,3,12
OEE-00407,M-202,2026-09-13,swing,96.3,94.7,99.7,90.9,8.0,7.7,583,1,13
OEE-00408,M-202,2026-09-13,night,97.0,91.3,98.2,87.0,8.0,7.76,566,10,2
OEE-00409,M-301,2026-09-13,day,93.6,92.7,98.9,85.8,8.0,7.49,694,7,6
OEE-00410,M-301,2026-09-13,swing,96.7,91.6,98.6,87.3,8.0,7.74,708,9,10
OEE-00411,M-301,2026-09-13,night,97.8,93.9,98.0,90.0,8.0,7.82,734,14,1
OEE-00412,M-302,2026-09-13,day,91.9,87.9,97.5,78.8,8.0,7.35,646,16,25
OEE-00413,M-302,2026-09-13,swing,90.2,88.9,98.0,78.6,8.0,7.22,641,12,16
OEE-00414,M-302,2026-09-13,night,91.5,90.3,97.2,80.3,8.0,7.32,660,18,24
OEE-00415,M-303,2026-09-13,day,93.0,95.3,98.5,87.3,8.0,7.44,709,10,9
OEE-00416,M-303,2026-09-13,swing,97.2,93.5,98.7,89.7,8.0,7.78,727,9,9
OEE-00417,M-303,2026-09-13,night,93.7,94.3,99.2,87.7,8.0,7.5,707,5,1
OEE-00418,M-401,2026-09-13,day,98.1,95.2,99.8,93.2,8.0,7.85,1494,2,1
OEE-00419,M-401,2026-09-13,swing,97.0,97.4,99.5,94.0,8.0,7.76,1511,7,10
OEE-00420,M-401,2026-09-13,night,98.9,96.0,99.6,94.6,8.0,7.91,1518,6,6
OEE-00421,M-402,2026-09-13,day,96.2,97.2,99.1,92.7,8.0,7.7,1496,13,3
OEE-00422,M-402,2026-09-13,swing,99.0,97.7,99.2,95.9,8.0,7.92,1547,12,0
OEE-00423,M-402,2026-09-13,night,99.2,97.1,99.7,96.0,8.0,7.94,1541,4,6
OEE-00424,M-501,2026-09-13,day,93.5,94.1,99.3,87.4,8.0,7.48,633,4,5
OEE-00425,M-501,2026-09-13,swing,97.0,92.7,98.2,88.3,8.0,7.76,647,11,15
OEE-00426,M-501,2026-09-13,night,97.0,93.8,98.3,89.4,8.0,7.76,655,11,16
OEE-00427,M-502,2026-09-13,day,96.6,92.4,99.4,88.7,8.0,7.73,642,3,17
OEE-00428,M-502,2026-09-13,swing,95.0,91.7,99.1,86.3,8.0,7.6,627,5,18
OEE-00429,M-502,2026-09-13,night,97.3,91.3,99.4,88.3,8.0,7.78,639,3,9
OEE-00430,M-101,2026-09-14,day,95.3,91.8,98.2,85.9,8.0,7.62,839,15,15
OEE-00431,M-101,2026-09-14,swing,94.5,91.7,98.3,85.2,8.0,7.56,831,14,6
OEE-00432,M-101,2026-09-14,night,96.7,91.0,99.1,87.2,8.0,7.74,845,7,18
OEE-00433,M-102,2026-09-14,day,93.5,94.9,99.3,88.1,8.0,7.48,851,5,12
OEE-00434,M-102,2026-09-14,swing,97.8,93.1,99.3,90.4,8.0,7.82,873,6,1
OEE-00435,M-102,2026-09-14,night,93.5,95.9,98.3,88.1,8.0,7.48,860,14,1
OEE-00436,M-201,2026-09-14,day,93.6,93.1,98.6,85.9,8.0,7.49,557,7,13
OEE-00437,M-201,2026-09-14,swing,97.8,93.8,98.7,90.5,8.0,7.82,586,7,1
OEE-00438,M-201,2026-09-14,night,93.6,92.4,98.5,85.2,8.0,7.49,553,8,5
OEE-00439,M-202,2026-09-14,day,96.3,92.3,99.2,88.2,8.0,7.7,568,4,2
OEE-00440,M-202,2026-09-14,swing,96.9,95.2,99.2,91.5,8.0,7.75,590,4,8
OEE-00441,M-202,2026-09-14,night,96.2,92.7,98.0,87.4,8.0,7.7,571,11,3
OEE-00442,M-301,2026-09-14,day,93.4,93.4,99.0,86.4,8.0,7.47,697,6,16
OEE-00443,M-301,2026-09-14,swing,94.1,93.9,99.5,87.9,8.0,7.53,707,3,15
OEE-00444,M-301,2026-09-14,night,94.4,94.7,99.2,88.7,8.0,7.55,714,5,5
OEE-00445,M-302,2026-09-14,day,90.1,92.3,98.0,81.5,8.0,7.21,665,13,22
OEE-00446,M-302,2026-09-14,swing,91.4,87.0,96.8,77.0,8.0,7.31,635,20,18
OEE-00447,M-302,2026-09-14,night,90.3,90.5,97.4,79.6,8.0,7.22,653,16,28
OEE-00448,M-303,2026-09-14,day,93.3,95.2,98.8,87.8,8.0,7.46,710,8,3
OEE-00449,M-303,2026-09-14,swing,96.8,92.0,99.0,88.2,8.0,7.74,712,7,3
OEE-00450,M-303,2026-09-14,night,93.9,94.0,98.3,86.8,8.0,7.51,705,11,17
OEE-00451,M-401,2026-09-14,day,97.6,95.3,99.0,92.1,8.0,7.81,1488,14,9
OEE-00452,M-401,2026-09-14,swing,96.7,94.6,99.4,90.9,8.0,7.74,1464,8,0
OEE-00453,M-401,2026-09-14,night,96.3,94.5,99.2,90.3,8.0,7.7,1455,11,8
OEE-00454,M-402,2026-09-14,day,96.6,97.9,99.5,94.1,8.0,7.73,1513,7,3
OEE-00455,M-402,2026-09-14,swing,97.1,97.8,99.4,94.4,8.0,7.77,1519,9,4
OEE-00456,M-402,2026-09-14,night,98.3,95.8,99.5,93.7,8.0,7.86,1505,7,5
OEE-00457,M-501,2026-09-14,day,94.6,94.9,98.2,88.2,8.0,7.57,646,11,17
OEE-00458,M-501,2026-09-14,swing,94.6,93.4,98.8,87.3,8.0,7.57,636,7,1
OEE-00459,M-501,2026-09-14,night,93.2,90.9,98.1,83.1,8.0,7.46,610,11,6
OEE-00460,M-502,2026-09-14,day,97.8,94.0,98.3,90.4,8.0,7.82,661,11,11
OEE-00461,M-502,2026-09-14,swing,94.4,94.6,98.6,88.1,8.0,7.55,642,8,17
OEE-00462,M-502,2026-09-14,night,94.3,92.9,99.4,87.1,8.0,7.54,630,3,12
OEE-00463,M-101,2026-09-15,day,95.3,95.7,99.0,90.3,8.0,7.62,875,8,4
OEE-00464,M-101,2026-09-15,swing,95.7,91.4,99.1,86.7,8.0,7.66,840,7,6
OEE-00465,M-101,2026-09-15,night,96.6,93.8,99.0,89.7,8.0,7.73,870,8,16
OEE-00466,M-102,2026-09-15,day,96.0,93.1,98.2,87.8,8.0,7.68,858,15,13
OEE-00467,M-102,2026-09-15,swing,94.9,95.8,98.4,89.5,8.0,7.59,872,13,8
OEE-00468,M-102,2026-09-15,night,93.6,91.5,98.8,84.6,8.0,7.49,822,9,2
OEE-00469,M-201,2026-09-15,day,94.6,90.5,99.6,85.3,8.0,7.57,548,2,8
OEE-00470,M-201,2026-09-15,swing,93.7,94.8,98.5,87.5,8.0,7.5,568,8,3
OEE-00471,M-201,2026-09-15,night,94.9,95.8,98.7,89.7,8.0,7.59,581,7,3
OEE-00472,M-202,2026-09-15,day,96.9,90.7,98.9,86.9,8.0,7.75,562,6,9
OEE-00473,M-202,2026-09-15,swing,95.9,94.8,98.2,89.3,8.0,7.67,581,10,11
OEE-00474,M-202,2026-09-15,night,96.5,95.2,99.0,90.9,8.0,7.72,587,5,3
OEE-00475,M-301,2026-09-15,day,97.5,91.9,99.4,89.1,8.0,7.8,716,4,12
OEE-00476,M-301,2026-09-15,swing,93.9,95.0,99.0,88.3,8.0,7.51,713,7,17
OEE-00477,M-301,2026-09-15,night,95.8,95.4,98.6,90.1,8.0,7.66,730,10,18
OEE-00478,M-302,2026-09-15,day,85.9,84.1,97.0,70.1,8.0,6.87,577,17,24
OEE-00479,M-302,2026-09-15,swing,89.6,84.9,97.1,73.9,8.0,7.17,608,17,28
OEE-00480,M-302,2026-09-15,night,85.4,88.4,97.9,73.9,8.0,6.83,603,12,27
OEE-00481,M-303,2026-09-15,day,96.4,93.1,98.7,88.6,8.0,7.71,717,9,14
OEE-00482,M-303,2026-09-15,swing,97.9,95.0,98.8,91.9,8.0,7.83,743,8,8
OEE-00483,M-303,2026-09-15,night,97.8,93.6,99.1,90.7,8.0,7.82,731,6,7
OEE-00484,M-401,2026-09-15,day,97.1,97.4,99.8,94.4,8.0,7.77,1513,3,6
OEE-00485,M-401,2026-09-15,swing,98.7,97.4,99.5,95.7,8.0,7.9,1538,7,1
OEE-00486,M-401,2026-09-15,night,98.6,97.8,99.1,95.6,8.0,7.89,1543,13,0
OEE-00487,M-402,2026-09-15,day,96.3,95.1,99.7,91.3,8.0,7.7,1464,4,0
OEE-00488,M-402,2026-09-15,swing,99.4,95.7,99.4,94.6,8.0,7.95,1521,9,2
OEE-00489,M-402,2026-09-15,night,97.7,96.1,99.8,93.7,8.0,7.82,1503,3,8
OEE-00490,M-501,2026-09-15,day,95.5,92.0,98.7,86.7,8.0,7.64,632,8,0
OEE-00491,M-501,2026-09-15,swing,95.6,93.5,99.0,88.5,8.0,7.65,643,6,7
OEE-00492,M-501,2026-09-15,night,97.0,93.3,99.3,89.9,8.0,7.76,651,4,16
OEE-00493,M-502,2026-09-15,day,96.4,91.2,98.7,86.8,8.0,7.71,632,8,5
OEE-00494,M-502,2026-09-15,swing,96.4,95.4,98.8,90.9,8.0,7.71,661,7,7
OEE-00495,M-502,2026-09-15,night,93.9,92.8,98.2,85.6,8.0,7.51,627,11,11
OEE-00496,M-101,2026-09-16,day,97.8,93.1,98.6,89.8,8.0,7.82,873,12,11
OEE-00497,M-101,2026-09-16,swing,97.8,92.7,99.0,89.8,8.0,7.82,869,8,17
OEE-00498,M-101,2026-09-16,night,97.3,95.3,98.4,91.2,8.0,7.78,889,14,15
OEE-00499,M-102,2026-09-16,day,94.5,92.1,99.1,86.3,8.0,7.56,835,7,18
OEE-00500,M-102,2026-09-16,swing,95.0,95.6,99.4,90.3,8.0,7.6,871,5,16
OEE-00501,M-102,2026-09-16,night,97.1,91.2,98.7,87.4,8.0,7.77,850,11,15
OEE-00502,M-201,2026-09-16,day,93.3,90.0,98.8,83.0,8.0,7.46,537,6,9
OEE-00503,M-201,2026-09-16,swing,94.8,90.0,99.6,85.0,8.0,7.58,545,2,5
OEE-00504,M-201,2026-09-16,night,95.0,90.1,98.8,84.6,8.0,7.6,547,6,6
OEE-00505,M-202,2026-09-16,day,93.4,93.1,98.3,85.5,8.0,7.47,556,9,3
OEE-00506,M-202,2026-09-16,swing,97.6,90.0,99.4,87.3,8.0,7.81,562,3,8
OEE-00507,M-202,2026-09-16,night,94.1,92.4,98.5,85.6,8.0,7.53,556,8,13
OEE-00508,M-301,2026-09-16,day,97.5,93.7,98.4,89.9,8.0,7.8,730,11,14
OEE-00509,M-301,2026-09-16,swing,96.3,93.2,98.2,88.1,8.0,7.7,717,12,13
OEE-00510,M-301,2026-09-16,night,93.0,95.4,99.1,87.9,8.0,7.44,709,6,3
OEE-00511,M-302,2026-09-16,day,85.5,83.5,96.6,69.0,8.0,6.84,571,19,32
OEE-00512,M-302,2026-09-16,swing,90.7,84.3,96.2,73.6,8.0,7.26,612,23,37
OEE-00513,M-302,2026-09-16,night,91.1,89.3,96.0,78.1,8.0,7.29,650,26,37
OEE-00514,M-303,2026-09-16,day,95.8,95.0,99.1,90.2,8.0,7.66,727,6,10
OEE-00515,M-303,2026-09-16,swing,96.8,94.9,98.6,90.6,8.0,7.74,734,10,12
OEE-00516,M-303,2026-09-16,night,93.7,95.8,99.2,89.0,8.0,7.5,718,5,4
OEE-00517,M-401,2026-09-16,day,96.5,96.0,99.6,92.3,8.0,7.72,1482,5,3
OEE-00518,M-401,2026-09-16,swing,96.2,97.3,99.3,92.9,8.0,7.7,1498,10,9
OEE-00519,M-401,2026-09-16,night,98.6,95.7,99.2,93.6,8.0,7.89,1510,12,7
OEE-00520,M-402,2026-09-16,day,96.3,95.7,99.5,91.7,8.0,7.7,1473,7,8
OEE-00521,M-402,2026-09-16,swing,96.7,95.1,99.1,91.1,8.0,7.74,1472,13,4
OEE-00522,M-402,2026-09-16,night,99.5,95.0,99.7,94.2,8.0,7.96,1512,4,3
OEE-00523,M-501,2026-09-16,day,94.4,93.9,97.7,86.6,8.0,7.55,638,14,16
OEE-00524,M-501,2026-09-16,swing,95.1,90.9,99.2,85.8,8.0,7.61,622,4,20
OEE-00525,M-501,2026-09-16,night,95.2,91.1,97.8,84.8,8.0,7.62,624,13,1
OEE-00526,M-502,2026-09-16,day,94.4,92.0,98.2,85.3,8.0,7.55,625,11,0
OEE-00527,M-502,2026-09-16,swing,96.1,91.5,98.1,86.3,8.0,7.69,633,12,13
OEE-00528,M-502,2026-09-16,night,95.6,94.5,99.5,89.9,8.0,7.65,650,3,7
OEE-00529,M-101,2026-09-17,day,94.7,93.4,98.8,87.4,8.0,7.58,849,10,1
OEE-00530,M-101,2026-09-17,swing,94.5,92.3,98.4,85.8,8.0,7.56,837,13,11
OEE-00531,M-101,2026-09-17,night,96.6,92.2,99.3,88.4,8.0,7.73,855,5,5
OEE-00532,M-102,2026-09-17,day,93.2,91.3,99.1,84.3,8.0,7.46,817,7,6
OEE-00533,M-102,2026-09-17,swing,94.4,92.4,98.9,86.3,8.0,7.55,837,9,13
OEE-00534,M-102,2026-09-17,night,93.9,95.7,98.5,88.5,8.0,7.51,862,12,9
OEE-00535,M-201,2026-09-17,day,93.6,94.0,99.2,87.3,8.0,7.49,563,4,4
OEE-00536,M-201,2026-09-17,swing,94.7,94.4,98.7,88.2,8.0,7.58,572,7,18
OEE-00537,M-201,2026-09-17,night,95.6,92.2,99.2,87.4,8.0,7.65,564,4,6
OEE-00538,M-202,2026-09-17,day,95.9,90.5,98.2,85.2,8.0,7.67,555,9,3
OEE-00539,M-202,2026-09-17,swing,93.2,95.8,99.6,88.9,8.0,7.46,571,2,6
OEE-00540,M-202,2026-09-17,night,94.0,92.7,98.2,85.6,8.0,7.52,557,10,17
OEE-00541,M-301,2026-09-17,day,96.1,92.5,98.7,87.7,8.0,7.69,711,9,6
OEE-00542,M-301,2026-09-17,swing,95.7,91.8,98.2,86.3,8.0,7.66,703,12,13
OEE-00543,M-301,2026-09-17,night,95.8,92.3,99.3,87.8,8.0,7.66,707,4,17
OEE-00544,M-302,2026-09-17,day,90.7,88.2,96.5,77.2,8.0,7.26,640,22,27
OEE-00545,M-302,2026-09-17,swing,90.2,83.0,96.5,72.2,8.0,7.22,599,20,24
OEE-00546,M-302,2026-09-17,night,84.5,84.3,97.6,69.5,8.0,6.76,569,13,33
OEE-00547,M-303,2026-09-17,day,93.2,93.8,99.2,86.7,8.0,7.46,699,5,6
OEE-00548,M-303,2026-09-17,swing,96.7,93.0,99.0,89.0,8.0,7.74,719,7,16
OEE-00549,M-303,2026-09-17,night,97.9,91.8,99.1,89.1,8.0,7.83,718,6,12
OEE-00550,M-401,2026-09-17,day,98.0,95.6,99.5,93.2,8.0,7.84,1499,7,3
OEE-00551,M-401,2026-09-17,swing,96.6,94.6,99.2,90.7,8.0,7.73,1462,11,0
OEE-00552,M-401,2026-09-17,night,99.1,97.2,99.4,95.7,8.0,7.93,1541,9,8
OEE-00553,M-402,2026-09-17,day,96.9,97.4,99.2,93.6,8.0,7.75,1509,12,4
OEE-00554,M-402,2026-09-17,swing,97.9,94.7,99.0,91.8,8.0,7.83,1483,14,3
OEE-00555,M-402,2026-09-17,night,97.0,96.6,99.8,93.5,8.0,7.76,1499,2,4
OEE-00556,M-501,2026-09-17,day,96.6,91.4,99.1,87.5,8.0,7.73,635,5,20
OEE-00557,M-501,2026-09-17,swing,96.9,94.9,97.9,90.0,8.0,7.75,661,13,3
OEE-00558,M-501,2026-09-17,night,92.0,91.7,98.7,83.3,8.0,7.36,607,7,11
OEE-00559,M-502,2026-09-17,day,94.6,95.7,99.3,89.9,8.0,7.57,652,4,8
OEE-00560,M-502,2026-09-17,swing,96.6,93.0,98.9,88.8,8.0,7.73,647,7,10
OEE-00561,M-502,2026-09-17,night,97.9,94.1,98.0,90.3,8.0,7.83,663,13,11
OEE-00562,M-101,2026-09-18,day,94.1,95.8,98.3,88.6,8.0,7.53,865,14,0
OEE-00563,M-101,2026-09-18,swing,95.7,95.9,99.2,91.0,8.0,7.66,881,7,18
OEE-00564,M-101,2026-09-18,night,93.5,94.7,98.6,87.3,8.0,7.48,850,11,8
OEE-00565,M-102,2026-09-18,day,97.4,94.2,98.8,90.6,8.0,7.79,880,10,14
OEE-00566,M-102,2026-09-18,swing,94.1,92.3,98.9,85.9,8.0,7.53,834,9,12
OEE-00567,M-102,2026-09-18,night,93.8,92.2,99.1,85.7,8.0,7.5,829,7,11
OEE-00568,M-201,2026-09-18,day,93.7,92.9,98.9,86.1,8.0,7.5,557,6,14
OEE-00569,M-201,2026-09-18,swing,93.9,95.2,98.3,87.9,8.0,7.51,571,9,15
OEE-00570,M-201,2026-09-18,night,97.7,91.1,98.5,87.7,8.0,7.82,569,8,9
OEE-00571,M-202,2026-09-18,day,93.8,91.1,98.7,84.3,8.0,7.5,546,7,6
OEE-00572,M-202,2026-09-18,swing,93.3,90.4,98.4,83.0,8.0,7.46,539,8,12
OEE-00573,M-202,2026-09-18,night,93.5,93.2,99.3,86.5,8.0,7.48,557,3,0
OEE-00574,M-301,2026-09-18,day,96.0,92.9,98.0,87.4,8.0,7.68,713,14,0
OEE-00575,M-301,2026-09-18,swing,96.8,94.2,98.1,89.5,8.0,7.74,729,13,7
OEE-00576,M-301,2026-09-18,night,96.9,92.3,99.4,88.9,8.0,7.75,715,4,0
OEE-00577,M-302,2026-09-18,day,88.7,81.9,97.1,70.5,8.0,7.1,581,16,36
OEE-00578,M-302,2026-09-18,swing,89.1,82.4,95.7,70.3,8.0,7.13,587,25,40
OEE-00579,M-302,2026-09-18,night,88.8,83.8,96.4,71.7,8.0,7.1,594,21,33
OEE-00580,M-303,2026-09-18,day,93.3,94.5,98.9,87.2,8.0,7.46,704,7,3
OEE-00581,M-303,2026-09-18,swing,93.1,91.2,98.8,83.9,8.0,7.45,679,8,3
OEE-00582,M-303,2026-09-18,night,95.6,95.2,98.2,89.4,8.0,7.65,728,13,7
OEE-00583,M-401,2026-09-18,day,96.1,95.7,99.1,91.1,8.0,7.69,1471,13,10
OEE-00584,M-401,2026-09-18,swing,97.0,97.7,99.5,94.3,8.0,7.76,1516,7,10
OEE-00585,M-401,2026-09-18,night,99.1,97.3,99.1,95.6,8.0,7.93,1543,13,2
OEE-00586,M-402,2026-09-18,day,99.5,94.9,99.8,94.2,8.0,7.96,1510,3,4
OEE-00587,M-402,2026-09-18,swing,97.3,96.5,99.1,93.0,8.0,7.78,1501,13,1
OEE-00588,M-402,2026-09-18,night,99.1,96.4,99.1,94.7,8.0,7.93,1528,13,8
OEE-00589,M-501,2026-09-18,day,93.7,90.9,98.4,83.8,8.0,7.5,613,9,9
OEE-00590,M-501,2026-09-18,swing,95.1,91.4,99.3,86.3,8.0,7.61,625,4,8
OEE-00591,M-501,2026-09-18,night,96.6,93.3,99.4,89.6,8.0,7.73,649,3,2
OEE-00592,M-502,2026-09-18,day,96.9,95.3,99.5,91.9,8.0,7.75,664,3,4
OEE-00593,M-502,2026-09-18,swing,94.6,93.0,99.1,87.2,8.0,7.57,633,5,15
OEE-00594,M-502,2026-09-18,night,97.1,91.6,98.6,87.7,8.0,7.77,640,8,8
OEE-00595,M-101,2026-09-19,day,93.7,92.6,98.2,85.2,8.0,7.5,833,14,12
OEE-00596,M-101,2026-09-19,swing,94.8,93.5,98.7,87.5,8.0,7.58,850,11,13
OEE-00597,M-101,2026-09-19,night,96.0,94.2,98.2,88.8,8.0,7.68,868,15,7
OEE-00598,M-102,2026-09-19,day,94.9,93.7,98.8,87.9,8.0,7.59,853,10,15
OEE-00599,M-102,2026-09-19,swing,95.7,95.1,98.6,89.7,8.0,7.66,874,12,18
OEE-00600,M-102,2026-09-19,night,96.6,93.6,99.2,89.7,8.0,7.73,868,6,7
OEE-00601,M-201,2026-09-19,day,96.5,91.4,98.0,86.4,8.0,7.72,564,11,0
OEE-00602,M-201,2026-09-19,swing,94.8,92.8,98.2,86.4,8.0,7.58,562,10,3
OEE-00603,M-201,2026-09-19,night,93.3,92.1,99.5,85.5,8.0,7.46,549,2,4
OEE-00604,M-202,2026-09-19,day,94.5,90.9,99.5,85.5,8.0,7.56,549,2,13
OEE-00605,M-202,2026-09-19,swing,94.2,95.0,98.1,87.8,8.0,7.54,573,10,4
OEE-00606,M-202,2026-09-19,night,93.6,94.2,98.3,86.7,8.0,7.49,564,9,0
OEE-00607,M-301,2026-09-19,day,96.5,93.1,98.1,88.1,8.0,7.72,718,13,3
OEE-00608,M-301,2026-09-19,swing,96.3,91.4,99.3,87.4,8.0,7.7,703,4,5
OEE-00609,M-301,2026-09-19,night,93.2,92.8,98.1,84.8,8.0,7.46,692,13,2
OEE-00610,M-302,2026-09-19,day,81.7,86.6,96.1,68.0,8.0,6.54,566,22,33
OEE-00611,M-302,2026-09-19,swing,85.4,82.1,96.3,67.5,8.0,6.83,560,20,37
OEE-00612,M-302,2026-09-19,night,85.4,85.9,96.2,70.6,8.0,6.83,586,22,28
OEE-00613,M-303,2026-09-19,day,94.4,91.8,99.3,86.1,8.0,7.55,693,4,1
OEE-00614,M-303,2026-09-19,swing,96.0,91.9,98.2,86.6,8.0,7.68,705,12,12
OEE-00615,M-303,2026-09-19,night,97.2,94.4,99.3,91.1,8.0,7.78,734,5,17
OEE-00616,M-401,2026-09-19,day,98.5,95.0,99.5,93.1,8.0,7.88,1497,7,4
OEE-00617,M-401,2026-09-19,swing,98.5,95.7,99.1,93.4,8.0,7.88,1508,13,1
OEE-00618,M-401,2026-09-19,night,97.8,97.9,99.1,94.9,8.0,7.82,1531,13,3
OEE-00619,M-402,2026-09-19,day,97.4,94.2,99.3,91.1,8.0,7.79,1467,10,8
OEE-00620,M-402,2026-09-19,swing,98.1,94.3,99.6,92.1,8.0,7.85,1480,5,7
OEE-00621,M-402,2026-09-19,night,97.1,96.6,99.7,93.5,8.0,7.77,1501,4,2
OEE-00622,M-501,2026-09-19,day,92.3,91.9,98.3,83.4,8.0,7.38,610,10,8
OEE-00623,M-501,2026-09-19,swing,92.5,90.4,98.7,82.5,8.0,7.4,602,7,10
OEE-00624,M-501,2026-09-19,night,92.1,91.4,98.6,83.0,8.0,7.37,606,8,2
OEE-00625,M-502,2026-09-19,day,94.1,91.1,99.4,85.2,8.0,7.53,617,3,6
OEE-00626,M-502,2026-09-19,swing,95.8,94.2,98.0,88.4,8.0,7.66,649,12,8
OEE-00627,M-502,2026-09-19,night,93.4,93.9,98.1,86.0,8.0,7.47,631,11,15
OEE-00628,M-101,2026-09-20,day,93.2,92.6,99.4,85.8,8.0,7.46,828,4,0
OEE-00629,M-101,2026-09-20,swing,97.9,94.8,99.4,92.3,8.0,7.83,890,5,16
OEE-00630,M-101,2026-09-20,night,94.0,94.8,99.1,88.3,8.0,7.52,855,7,4
OEE-00631,M-102,2026-09-20,day,96.5,91.5,98.6,87.1,8.0,7.72,847,11,16
OEE-00632,M-102,2026-09-20,swing,93.5,95.0,98.2,87.2,8.0,7.48,852,15,18
OEE-00633,M-102,2026-09-20,night,97.0,93.4,99.3,90.0,8.0,7.76,869,6,1
OEE-00634,M-201,2026-09-20,day,94.5,90.9,98.8,84.9,8.0,7.56,549,6,2
OEE-00635,M-201,2026-09-20,swing,97.8,91.4,98.4,88.0,8.0,7.82,571,9,4
OEE-00636,M-201,2026-09-20,night,96.8,91.0,99.7,87.8,8.0,7.74,563,1,16
OEE-00637,M-202,2026-09-20,day,98.0,93.7,98.9,90.8,8.0,7.84,587,6,10
OEE-00638,M-202,2026-09-20,swing,95.2,90.8,98.5,85.1,8.0,7.62,553,8,13
OEE-00639,M-202,2026-09-20,night,93.2,94.3,99.2,87.2,8.0,7.46,562,4,7
OEE-00640,M-301,2026-09-20,day,94.0,94.1,98.1,86.8,8.0,7.52,707,13,4
OEE-00641,M-301,2026-09-20,swing,95.8,96.0,98.1,90.2,8.0,7.66,735,13,0
OEE-00642,M-301,2026-09-20,night,93.7,95.4,98.8,88.3,8.0,7.5,715,8,2
OEE-00643,M-302,2026-09-20,day,84.9,83.5,95.3,67.6,8.0,6.79,566,26,39
OEE-00644,M-302,2026-09-20,swing,82.1,82.3,95.8,64.7,8.0,6.57,540,22,32
OEE-00645,M-302,2026-09-20,night,81.3,85.2,96.0,66.5,8.0,6.5,553,22,45
OEE-00646,M-303,2026-09-20,day,97.9,94.8,98.7,91.6,8.0,7.83,742,9,4
OEE-00647,M-303,2026-09-20,swing,97.7,95.9,98.7,92.5,8.0,7.82,749,9,11
OEE-00648,M-303,2026-09-20,night,97.3,93.0,99.3,89.9,8.0,7.78,723,5,4
OEE-00649,M-401,2026-09-20,day,97.5,96.0,99.5,93.1,8.0,7.8,1497,7,5
OEE-00650,M-401,2026-09-20,swing,97.3,96.7,99.4,93.5,8.0,7.78,1504,9,4
OEE-00651,M-401,2026-09-20,night,99.1,98.0,99.0,96.1,8.0,7.93,1554,15,10
OEE-00652,M-402,2026-09-20,day,96.2,97.2,99.6,93.1,8.0,7.7,1496,5,8
OEE-00653,M-402,2026-09-20,swing,96.0,97.4,99.2,92.8,8.0,7.68,1496,11,2
OEE-00654,M-402,2026-09-20,night,98.0,97.4,99.2,94.7,8.0,7.84,1527,12,7
OEE-00655,M-501,2026-09-20,day,95.3,91.7,98.4,86.0,8.0,7.62,628,10,17
OEE-00656,M-501,2026-09-20,swing,96.5,92.3,97.7,87.0,8.0,7.72,641,14,3
OEE-00657,M-501,2026-09-20,night,96.6,94.6,99.0,90.5,8.0,7.73,658,6,6
OEE-00658,M-502,2026-09-20,day,95.0,91.3,98.5,85.4,8.0,7.6,624,9,15
OEE-00659,M-502,2026-09-20,swing,94.1,94.7,98.2,87.5,8.0,7.53,641,11,14
OEE-00660,M-502,2026-09-20,night,93.2,91.8,98.7,84.4,8.0,7.46,616,8,6
OEE-00661,M-101,2026-09-21,day,94.6,91.2,98.9,85.3,8.0,7.57,828,9,12
OEE-00662,M-101,2026-09-21,swing,93.3,95.0,99.2,87.9,8.0,7.46,850,6,15
OEE-00663,M-101,2026-09-21,night,94.1,92.1,98.0,84.9,8.0,7.53,832,16,13
OEE-00664,M-102,2026-09-21,day,94.3,94.2,98.1,87.1,8.0,7.54,852,16,2
OEE-00665,M-102,2026-09-21,swing,94.4,91.4,99.3,85.7,8.0,7.55,828,5,14
OEE-00666,M-102,2026-09-21,night,97.4,93.6,99.0,90.3,8.0,7.79,874,8,8
OEE-00667,M-201,2026-09-21,day,93.9,90.3,99.6,84.5,8.0,7.51,542,2,13
OEE-00668,M-201,2026-09-21,swing,94.7,94.5,98.3,88.0,8.0,7.58,573,9,11
OEE-00669,M-201,2026-09-21,night,97.7,92.9,99.0,89.9,8.0,7.82,581,5,5
OEE-00670,M-202,2026-09-21,day,97.8,92.6,99.6,90.2,8.0,7.82,579,2,18
OEE-00671,M-202,2026-09-21,swing,94.9,90.1,99.4,85.0,8.0,7.59,547,3,6
OEE-00672,M-202,2026-09-21,night,93.4,94.0,99.1,87.0,8.0,7.47,561,5,10
OEE-00673,M-301,2026-09-21,day,96.3,95.1,99.1,90.8,8.0,7.7,732,6,10
OEE-00674,M-301,2026-09-21,swing,93.1,95.5,99.4,88.4,8.0,7.45,711,4,15
OEE-00675,M-301,2026-09-21,night,97.3,91.6,99.5,88.7,8.0,7.78,712,3,13
OEE-00676,M-302,2026-09-21,day,82.1,84.7,97.1,67.5,8.0,6.57,556,16,36
OEE-00677,M-302,2026-09-21,swing,85.4,84.1,96.1,69.0,8.0,6.83,574,22,33
OEE-00678,M-302,2026-09-21,night,81.8,86.4,95.7,67.6,8.0,6.54,565,24,37
OEE-00679,M-303,2026-09-21,day,96.0,92.1,98.3,86.9,8.0,7.68,707,12,6
OEE-00680,M-303,2026-09-21,swing,97.9,93.9,98.0,90.1,8.0,7.83,735,14,11
OEE-00681,M-303,2026-09-21,night,93.1,95.5,98.8,87.8,8.0,7.45,711,8,3
OEE-00682,M-401,2026-09-21,day,98.4,96.6,99.4,94.5,8.0,7.87,1520,9,6
OEE-00683,M-401,2026-09-21,swing,97.2,97.3,99.3,93.9,8.0,7.78,1513,10,5
OEE-00684,M-401,2026-09-21,night,96.4,94.7,99.3,90.7,8.0,7.71,1460,10,2
OEE-00685,M-402,2026-09-21,day,97.9,94.7,99.3,92.1,8.0,7.83,1483,10,4
OEE-00686,M-402,2026-09-21,swing,99.0,96.8,99.3,95.2,8.0,7.92,1533,10,4
OEE-00687,M-402,2026-09-21,night,98.5,97.8,99.7,96.0,8.0,7.88,1541,4,1
OEE-00688,M-501,2026-09-21,day,97.0,94.0,97.7,89.1,8.0,7.76,656,15,20
OEE-00689,M-501,2026-09-21,swing,92.1,94.7,97.7,85.2,8.0,7.37,628,14,19
OEE-00690,M-501,2026-09-21,night,96.6,90.5,98.4,86.0,8.0,7.73,629,10,18
OEE-00691,M-502,2026-09-21,day,97.0,94.3,99.3,90.8,8.0,7.76,658,4,6
OEE-00692,M-502,2026-09-21,swing,94.1,93.3,98.6,86.6,8.0,7.53,632,8,6
OEE-00693,M-502,2026-09-21,night,97.3,95.8,98.5,91.8,8.0,7.78,670,10,14
OEE-00694,M-101,2026-09-22,day,95.1,95.1,99.1,89.6,8.0,7.61,868,7,12
OEE-00695,M-101,2026-09-22,swing,93.0,92.9,98.3,84.9,8.0,7.44,829,14,9
OEE-00696,M-101,2026-09-22,night,94.3,94.3,98.5,87.6,8.0,7.54,853,12,13
OEE-00697,M-102,2026-09-22,day,96.4,91.0,99.4,87.2,8.0,7.71,841,5,1
OEE-00698,M-102,2026-09-22,swing,93.1,91.8,98.6,84.3,8.0,7.45,820,11,16
OEE-00699,M-102,2026-09-22,night,97.1,94.0,98.5,89.9,8.0,7.77,876,13,18
OEE-00700,M-201,2026-09-22,day,98.0,91.5,99.8,89.5,8.0,7.84,573,1,6
OEE-00701,M-201,2026-09-22,swing,96.1,92.4,98.1,87.1,8.0,7.69,568,10,18
OEE-00702,M-201,2026-09-22,night,95.1,95.6,98.7,89.7,8.0,7.61,582,7,5
OEE-00703,M-202,2026-09-22,day,95.0,91.9,98.3,85.8,8.0,7.6,558,9,7
OEE-00704,M-202,2026-09-22,swing,93.5,94.8,98.9,87.7,8.0,7.48,567,6,18
OEE-00705,M-202,2026-09-22,night,96.9,95.1,99.1,91.3,8.0,7.75,589,5,8
OEE-00706,M-301,2026-09-22,day,97.2,91.8,98.5,87.9,8.0,7.78,714,10,2
OEE-00707,M-301,2026-09-22,swing,93.5,93.2,98.9,86.2,8.0,7.48,697,7,18
OEE-00708,M-301,2026-09-22,night,93.8,94.1,98.8,87.2,8.0,7.5,705,8,2
OEE-00709,M-302,2026-09-22,day,82.0,78.2,95.2,61.0,8.0,6.56,512,24,54
OEE-00710,M-302,2026-09-22,swing,82.4,82.7,93.6,63.8,8.0,6.59,544,34,60
OEE-00711,M-302,2026-09-22,night,84.3,79.8,94.6,63.6,8.0,6.74,537,28,47
OEE-00712,M-303,2026-09-22,day,96.6,95.0,98.6,90.5,8.0,7.73,734,10,8
OEE-00713,M-303,2026-09-22,swing,96.3,92.4,99.4,88.4,8.0,7.7,711,4,0
OEE-00714,M-303,2026-09-22,night,96.2,93.9,98.2,88.7,8.0,7.7,723,13,14
OEE-00715,M-401,2026-09-22,day,99.2,94.5,99.1,92.9,8.0,7.94,1500,13,4
OEE-00716,M-401,2026-09-22,swing,99.1,94.4,99.4,93.0,8.0,7.93,1497,8,5
OEE-00717,M-401,2026-09-22,night,99.2,94.8,99.1,93.2,8.0,7.94,1505,13,0
OEE-00718,M-402,2026-09-22,day,97.4,95.9,99.5,92.9,8.0,7.79,1494,7,3
OEE-00719,M-402,2026-09-22,swing,98.4,95.5,99.3,93.3,8.0,7.87,1503,10,7
OEE-00720,M-402,2026-09-22,night,98.8,94.7,99.0,92.6,8.0,7.9,1496,14,2
OEE-00721,M-501,2026-09-22,day,95.3,93.2,99.2,88.1,8.0,7.62,639,5,3
OEE-00722,M-501,2026-09-22,swing,96.9,95.0,98.5,90.7,8.0,7.75,662,9,19
OEE-00723,M-501,2026-09-22,night,95.0,90.0,98.5,84.2,8.0,7.6,615,9,8
OEE-00724,M-502,2026-09-22,day,97.6,92.0,98.0,88.0,8.0,7.81,646,12,0
OEE-00725,M-502,2026-09-22,swing,95.6,94.8,98.3,89.1,8.0,7.65,652,11,11
OEE-00726,M-502,2026-09-22,night,93.6,92.1,98.5,84.9,8.0,7.49,620,9,7
OEE-00727,M-101,2026-09-23,day,93.4,94.5,98.2,86.7,8.0,7.47,847,15,8
OEE-00728,M-101,2026-09-23,swing,95.4,95.8,98.5,90.0,8.0,7.63,877,13,17
OEE-00729,M-101,2026-09-23,night,96.3,93.3,99.2,89.1,8.0,7.7,862,6,13
OEE-00730,M-102,2026-09-23,day,95.6,93.0,98.3,87.4,8.0,7.65,853,14,5
OEE-00731,M-102,2026-09-23,swing,94.0,95.2,99.1,88.7,8.0,7.52,859,7,12
OEE-00732,M-102,2026-09-23,night,93.5,95.0,98.9,87.8,8.0,7.48,852,9,5
OEE-00733,M-201,2026-09-23,day,97.0,95.7,98.9,91.8,8.0,7.76,594,6,14
OEE-00734,M-201,2026-09-23,swing,95.1,94.5,99.5,89.4,8.0,7.61,575,2,3
OEE-00735,M-201,2026-09-23,night,96.0,92.6,99.0,88.0,8.0,7.68,568,5,11
OEE-00736,M-202,2026-09-23,day,97.5,94.9,98.8,91.4,8.0,7.8,592,7,1
OEE-00737,M-202,2026-09-23,swing,97.8,91.5,98.7,88.3,8.0,7.82,572,7,16
OEE-00738,M-202,2026-09-23,night,94.8,90.2,98.3,84.1,8.0,7.58,546,9,10
OEE-00739,M-301,2026-09-23,day,95.1,91.9,98.4,86.0,8.0,7.61,699,11,6
OEE-00740,M-301,2026-09-23,swing,96.3,92.9,99.2,88.7,8.0,7.7,715,5,3
OEE-00741,M-301,2026-09-23,night,93.0,94.4,99.1,87.0,8.0,7.44,702,6,6
OEE-00742,M-302,2026-09-23,day,80.2,82.0,95.4,62.7,8.0,6.42,526,24,60
OEE-00743,M-302,2026-09-23,swing,77.3,78.8,93.3,56.8,8.0,6.18,486,32,49
OEE-00744,M-302,2026-09-23,night,77.6,78.8,94.5,57.8,8.0,6.21,489,26,45
OEE-00745,M-303,2026-09-23,day,95.9,94.2,99.0,89.4,8.0,7.67,722,7,13
OEE-00746,M-303,2026-09-23,swing,94.6,92.6,98.3,86.1,8.0,7.57,700,11,15
OEE-00747,M-303,2026-09-23,night,95.5,96.0,98.6,90.4,8.0,7.64,733,10,3
OEE-00748,M-401,2026-09-23,day,97.6,96.4,99.5,93.6,8.0,7.81,1505,7,3
OEE-00749,M-401,2026-09-23,swing,98.0,95.1,99.5,92.7,8.0,7.84,1491,7,9
OEE-00750,M-401,2026-09-23,night,99.5,97.6,99.2,96.3,8.0,7.96,1553,12,6
OEE-00751,M-402,2026-09-23,day,96.1,96.1,99.4,91.8,8.0,7.69,1478,8,5
OEE-00752,M-402,2026-09-23,swing,98.3,94.3,99.1,91.9,8.0,7.86,1482,13,6
OEE-00753,M-402,2026-09-23,night,98.5,95.1,99.6,93.3,8.0,7.88,1498,5,6
OEE-00754,M-501,2026-09-23,day,92.4,93.9,98.5,85.5,8.0,7.39,624,9,1
OEE-00755,M-501,2026-09-23,swing,94.0,93.5,98.4,86.5,8.0,7.52,632,10,20
OEE-00756,M-501,2026-09-23,night,96.8,90.6,98.2,86.1,8.0,7.74,631,11,19
OEE-00757,M-502,2026-09-23,day,93.5,92.1,99.2,85.4,8.0,7.48,620,4,4
OEE-00758,M-502,2026-09-23,swing,93.5,92.6,99.0,85.7,8.0,7.48,623,6,13
OEE-00759,M-502,2026-09-23,night,94.1,91.4,99.1,85.2,8.0,7.53,619,5,11
OEE-00760,M-101,2026-09-24,day,97.1,93.7,98.0,89.2,8.0,7.77,873,17,1
OEE-00761,M-101,2026-09-24,swing,94.3,94.9,98.2,87.9,8.0,7.54,858,15,9
OEE-00762,M-101,2026-09-24,night,93.4,92.6,98.9,85.5,8.0,7.47,830,9,12
OEE-00763,M-102,2026-09-24,day,94.3,91.9,98.2,85.1,8.0,7.54,831,14,14
OEE-00764,M-102,2026-09-24,swing,93.6,92.6,98.2,85.1,8.0,7.49,832,14,18
OEE-00765,M-102,2026-09-24,night,97.4,95.8,98.6,92.0,8.0,7.79,895,12,14
OEE-00766,M-201,2026-09-24,day,96.3,93.1,98.4,88.2,8.0,7.7,573,9,15
OEE-00767,M-201,2026-09-24,swing,96.3,95.9,98.6,91.1,8.0,7.7,590,8,15
OEE-00768,M-201,2026-09-24,night,94.1,91.6,98.5,84.9,8.0,7.53,551,8,2
OEE-00769,M-202,2026-09-24,day,94.8,95.0,98.4,88.6,8.0,7.58,576,9,6
OEE-00770,M-202,2026-09-24,swing,96.5,90.5,98.9,86.4,8.0,7.72,558,6,6
OEE-00771,M-202,2026-09-24,night,93.1,91.3,99.5,84.6,8.0,7.45,544,2,6
OEE-00772,M-301,2026-09-24,day,95.4,92.7,99.2,87.7,8.0,7.63,707,5,16
OEE-00773,M-301,2026-09-24,swing,95.6,92.6,99.4,88.0,8.0,7.65,708,4,14
OEE-00774,M-301,2026-09-24,night,96.3,95.2,98.2,90.0,8.0,7.7,733,13,4
OEE-00775,M-302,2026-09-24,day,77.3,78.4,95.4,57.8,8.0,6.18,484,22,65
OEE-00776,M-302,2026-09-24,swing,79.6,81.2,92.9,60.0,8.0,6.37,517,36,54
OEE-00777,M-302,2026-09-24,night,78.9,80.6,95.3,60.6,8.0,6.31,508,23,64
OEE-00778,M-303,2026-09-24,day,96.2,91.7,99.3,87.6,8.0,7.7,706,4,3
OEE-00779,M-303,2026-09-24,swing,94.2,95.5,98.3,88.4,8.0,7.54,720,12,0
OEE-00780,M-303,2026-09-24,night,95.4,93.7,98.5,88.0,8.0,7.63,714,10,3
OEE-00781,M-401,2026-09-24,day,99.2,94.3,99.3,92.9,8.0,7.94,1497,10,2
OEE-00782,M-401,2026-09-24,swing,97.4,95.7,99.3,92.6,8.0,7.79,1491,10,7
OEE-00783,M-401,2026-09-24,night,97.0,94.4,99.5,91.1,8.0,7.76,1465,7,6
OEE-00784,M-402,2026-09-24,day,96.7,94.8,99.1,90.8,8.0,7.74,1467,13,4
OEE-00785,M-402,2026-09-24,swing,97.9,96.0,99.3,93.3,8.0,7.83,1503,10,10
OEE-00786,M-402,2026-09-24,night,96.2,95.0,99.1,90.6,8.0,7.7,1463,13,1
OEE-00787,M-501,2026-09-24,day,92.3,90.2,98.0,81.6,8.0,7.38,599,11,2
OEE-00788,M-501,2026-09-24,swing,94.7,91.4,99.3,85.9,8.0,7.58,623,4,12
OEE-00789,M-501,2026-09-24,night,94.0,90.5,99.0,84.2,8.0,7.52,612,6,8
OEE-00790,M-502,2026-09-24,day,95.5,91.9,98.3,86.3,8.0,7.64,631,10,9
OEE-00791,M-502,2026-09-24,swing,96.5,92.4,98.0,87.4,8.0,7.72,641,12,5
OEE-00792,M-502,2026-09-24,night,95.5,94.5,98.7,89.1,8.0,7.64,649,8,9
OEE-00793,M-101,2026-09-25,day,97.3,94.4,98.3,90.3,8.0,7.78,881,14,2
OEE-00794,M-101,2026-09-25,swing,93.8,92.7,98.7,85.8,8.0,7.5,834,10,0
OEE-00795,M-101,2026-09-25,night,96.3,93.1,98.0,87.9,8.0,7.7,860,17,8
OEE-00796,M-102,2026-09-25,day,97.4,91.9,99.1,88.7,8.0,7.79,859,7,0
OEE-00797,M-102,2026-09-25,swing,96.0,95.8,98.9,91.0,8.0,7.68,882,9,15
OEE-00798,M-102,2026-09-25,night,97.4,93.4,98.1,89.2,8.0,7.79,873,16,0
OEE-00799,M-201,2026-09-25,day,95.8,95.9,99.5,91.4,8.0,7.66,587,2,16
OEE-00800,M-201,2026-09-25,swing,95.5,94.5,99.4,89.7,8.0,7.64,577,3,3
OEE-00801,M-201,2026-09-25,night,94.5,94.4,98.8,88.1,8.0,7.56,570,6,11
OEE-00802,M-202,2026-09-25,day,97.9,91.5,98.9,88.6,8.0,7.83,573,6,11
OEE-00803,M-202,2026-09-25,swing,95.3,95.0,98.5,89.2,8.0,7.62,579,8,10
OEE-00804,M-202,2026-09-25,night,97.5,94.6,99.5,91.8,8.0,7.8,590,2,15
OEE-00805,M-301,2026-09-25,day,93.6,94.4,99.1,87.6,8.0,7.49,707,6,0
OEE-00806,M-301,2026-09-25,swing,93.7,93.1,98.3,85.8,8.0,7.5,698,11,4
OEE-00807,M-301,2026-09-25,night,94.8,91.2,98.9,85.5,8.0,7.58,691,7,13
OEE-00808,M-302,2026-09-25,day,77.4,80.2,92.6,57.5,8.0,6.19,496,36,62
OEE-00809,M-302,2026-09-25,swing,79.6,81.8,94.9,61.8,8.0,6.37,521,26,67
OEE-00810,M-302,2026-09-25,night,81.7,78.1,95.1,60.7,8.0,6.54,510,24,66
OEE-00811,M-303,2026-09-25,day,93.9,95.6,98.5,88.4,8.0,7.51,717,10,10
OEE-00812,M-303,2026-09-25,swing,95.0,93.1,99.5,88.0,8.0,7.6,707,3,9
OEE-00813,M-303,2026-09-25,night,94.0,93.9,99.1,87.5,8.0,7.52,706,6,3
OEE-00814,M-401,2026-09-25,day,97.5,95.8,99.8,93.2,8.0,7.8,1494,2,5
OEE-00815,M-401,2026-09-25,swing,97.0,97.9,99.4,94.4,8.0,7.76,1519,9,10
OEE-00816,M-401,2026-09-25,night,96.5,96.7,99.4,92.8,8.0,7.72,1493,8,4
OEE-00817,M-402,2026-09-25,day,98.2,96.7,99.2,94.2,8.0,7.86,1520,12,4
OEE-00818,M-402,2026-09-25,swing,96.2,95.2,99.4,91.0,8.0,7.7,1466,8,3
OEE-00819,M-402,2026-09-25,night,97.0,96.4,99.0,92.6,8.0,7.76,1496,14,4
OEE-00820,M-501,2026-09-25,day,92.0,91.8,99.2,83.8,8.0,7.36,608,4,1
OEE-00821,M-501,2026-09-25,swing,93.3,91.8,98.1,84.0,8.0,7.46,616,11,16
OEE-00822,M-501,2026-09-25,night,95.3,93.8,97.8,87.4,8.0,7.62,643,14,2
OEE-00823,M-502,2026-09-25,day,96.6,91.7,99.1,87.8,8.0,7.73,637,5,13
OEE-00824,M-502,2026-09-25,swing,95.9,91.4,98.3,86.2,8.0,7.67,630,10,15
OEE-00825,M-502,2026-09-25,night,97.7,92.2,99.0,89.2,8.0,7.82,648,6,12
OEE-00826,M-101,2026-09-26,day,95.1,95.8,98.1,89.4,8.0,7.61,874,16,8
OEE-00827,M-101,2026-09-26,swing,97.6,94.0,98.3,90.2,8.0,7.81,880,14,13
OEE-00828,M-101,2026-09-26,night,96.4,92.6,98.9,88.3,8.0,7.71,856,9,6
OEE-00829,M-102,2026-09-26,day,94.3,93.1,98.3,86.3,8.0,7.54,842,14,9
OEE-00830,M-102,2026-09-26,swing,93.4,93.8,98.9,86.6,8.0,7.47,840,9,17
OEE-00831,M-102,2026-09-26,night,93.9,94.9,99.3,88.5,8.0,7.51,855,5,3
OEE-00832,M-201,2026-09-26,day,93.7,92.7,98.6,85.6,8.0,7.5,556,7,11
OEE-00833,M-201,2026-09-26,swing,95.3,92.6,98.8,87.2,8.0,7.62,564,6,13
OEE-00834,M-201,2026-09-26,night,95.3,95.5,98.0,89.2,8.0,7.62,582,11,13
OEE-00835,M-202,2026-09-26,day,93.4,90.8,99.6,84.5,8.0,7.47,542,2,7
OEE-00836,M-202,2026-09-26,swing,95.9,92.2,99.1,87.6,8.0,7.67,565,5,18
OEE-00837,M-202,2026-09-26,night,97.4,90.3,99.5,87.5,8.0,7.79,562,2,4
OEE-00838,M-301,2026-09-26,day,95.0,91.0,99.2,85.8,8.0,7.6,691,5,16
OEE-00839,M-301,2026-09-26,swing,95.3,91.3,98.1,85.4,8.0,7.62,695,13,3
OEE-00840,M-301,2026-09-26,night,94.7,91.5,98.4,85.3,8.0,7.58,693,11,15
OEE-00841,M-302,2026-09-26,day,79.1,80.3,92.1,58.5,8.0,6.33,508,40,71
OEE-00842,M-302,2026-09-26,swing,79.0,79.4,91.8,57.6,8.0,6.32,501,41,59
OEE-00843,M-302,2026-09-26,night,77.6,78.1,94.9,57.5,8.0,6.21,485,24,57
OEE-00844,M-303,2026-09-26,day,94.1,94.4,99.3,88.2,8.0,7.53,710,4,9
OEE-00845,M-303,2026-09-26,swing,96.1,94.6,99.4,90.4,8.0,7.69,727,4,15
OEE-00846,M-303,2026-09-26,night,96.1,92.0,98.1,86.7,8.0,7.69,707,13,4
OEE-00847,M-401,2026-09-26,day,98.1,94.5,99.1,91.9,8.0,7.85,1483,13,3
OEE-00848,M-401,2026-09-26,swing,96.4,94.1,99.4,90.2,8.0,7.71,1451,8,6
OEE-00849,M-401,2026-09-26,night,96.2,94.5,99.3,90.3,8.0,7.7,1455,10,2
OEE-00850,M-402,2026-09-26,day,98.9,97.4,99.4,95.8,8.0,7.91,1540,9,9
OEE-00851,M-402,2026-09-26,swing,98.4,97.4,99.5,95.4,8.0,7.87,1533,7,6
OEE-00852,M-402,2026-09-26,night,96.5,94.1,99.1,90.0,8.0,7.72,1452,13,10
OEE-00853,M-501,2026-09-26,day,93.2,92.6,98.9,85.4,8.0,7.46,621,6,6
OEE-00854,M-501,2026-09-26,swing,94.4,91.5,98.8,85.3,8.0,7.55,621,7,18
OEE-00855,M-501,2026-09-26,night,94.5,93.3,98.3,86.7,8.0,7.56,634,10,3
OEE-00856,M-502,2026-09-26,day,95.3,95.1,98.2,89.0,8.0,7.62,652,11,9
OEE-00857,M-502,2026-09-26,swing,95.3,93.8,98.0,87.6,8.0,7.62,643,12,9
OEE-00858,M-502,2026-09-26,night,93.2,94.3,99.0,87.0,8.0,7.46,633,6,14
OEE-00859,M-101,2026-09-27,day,93.2,95.5,99.4,88.5,8.0,7.46,854,5,14
OEE-00860,M-101,2026-09-27,swing,97.4,93.3,98.0,89.1,8.0,7.79,872,17,5
OEE-00861,M-101,2026-09-27,night,94.8,95.3,98.8,89.3,8.0,7.58,866,10,11
OEE-00862,M-102,2026-09-27,day,97.5,93.6,98.8,90.2,8.0,7.8,876,10,5
OEE-00863,M-102,2026-09-27,swing,96.3,92.8,99.1,88.6,8.0,7.7,857,7,10
OEE-00864,M-102,2026-09-27,night,95.3,95.3,98.2,89.2,8.0,7.62,871,15,9
OEE-00865,M-201,2026-09-27,day,97.6,90.4,99.5,87.8,8.0,7.81,564,2,15
OEE-00866,M-201,2026-09-27,swing,94.9,92.8,99.2,87.4,8.0,7.59,563,4,18
OEE-00867,M-201,2026-09-27,night,96.5,93.0,99.2,89.0,8.0,7.72,574,4,8
OEE-00868,M-202,2026-09-27,day,93.6,91.9,99.7,85.8,8.0,7.49,550,1,11
OEE-00869,M-202,2026-09-27,swing,95.9,95.0,98.1,89.4,8.0,7.67,582,11,0
OEE-00870,M-202,2026-09-27,night,97.3,91.0,98.2,86.9,8.0,7.78,566,10,3
OEE-00871,M-301,2026-09-27,day,95.5,94.4,98.5,88.8,8.0,7.64,721,10,7
OEE-00872,M-301,2026-09-27,swing,97.9,95.0,99.1,92.2,8.0,7.83,743,6,7
OEE-00873,M-301,2026-09-27,night,93.5,95.4,99.1,88.4,8.0,7.48,713,6,12
OEE-00874,M-302,2026-09-27,day,78.7,76.2,91.6,54.9,8.0,6.3,480,40,75
OEE-00875,M-302,2026-09-27,swing,74.3,73.3,93.9,51.1,8.0,5.94,435,26,70
OEE-00876,M-302,2026-09-27,night,78.8,77.7,94.2,57.7,8.0,6.3,489,28,61
OEE-00877,M-303,2026-09-27,day,94.6,94.5,98.6,88.1,8.0,7.57,715,10,18
OEE-00878,M-303,2026-09-27,swing,95.8,92.0,98.7,87.0,8.0,7.66,704,9,9
OEE-00879,M-303,2026-09-27,night,94.1,94.7,98.7,88.0,8.0,7.53,713,9,16
OEE-00880,M-401,2026-09-27,day,98.8,94.8,99.5,93.2,8.0,7.9,1497,7,10
OEE-00881,M-401,2026-09-27,swing,99.4,94.4,99.0,92.9,8.0,7.95,1500,15,2
OEE-00882,M-401,2026-09-27,night,99.1,95.4,99.3,93.9,8.0,7.93,1513,10,8
OEE-00883,M-402,2026-09-27,day,99.0,95.4,99.5,94.0,8.0,7.92,1511,7,10
OEE-00884,M-402,2026-09-27,swing,97.8,94.8,99.2,92.0,8.0,7.82,1482,11,7
OEE-00885,M-402,2026-09-27,night,97.8,95.4,99.7,93.0,8.0,7.82,1492,4,2
OEE-00886,M-501,2026-09-27,day,96.0,92.2,98.8,87.4,8.0,7.68,637,7,2
OEE-00887,M-501,2026-09-27,swing,94.8,90.6,98.5,84.6,8.0,7.58,618,9,3
OEE-00888,M-501,2026-09-27,night,92.6,91.2,98.7,83.4,8.0,7.41,608,7,10
OEE-00889,M-502,2026-09-27,day,93.1,95.1,98.4,87.1,8.0,7.45,637,10,8
OEE-00890,M-502,2026-09-27,swing,95.0,92.8,99.3,87.5,8.0,7.6,634,4,5
OEE-00891,M-502,2026-09-27,night,97.8,91.4,98.9,88.4,8.0,7.82,643,7,16
